from,to,forecast,actual,index
2021-12-31T23:30Z,2022-01-01T00:00Z,83,71,low
2022-01-01T00:00Z,2022-01-01T00:30Z,74,74,low
2022-01-01T00:30Z,2022-01-01T01:00Z,70,75,low
2022-01-01T01:00Z,2022-01-01T01:30Z,70,73,low
2022-01-01T01:30Z,2022-01-01T02:00Z,61,68,low
2022-01-01T02:00Z,2022-01-01T02:30Z,62,71,low
2022-01-01T02:30Z,2022-01-01T03:00Z,57,65,low
2022-01-01T03:00Z,2022-01-01T03:30Z,70,62,low
2022-01-01T03:30Z,2022-01-01T04:00Z,61,57,low
2022-01-01T04:00Z,2022-01-01T04:30Z,62,59,low
2022-01-01T04:30Z,2022-01-01T05:00Z,55,55,low
2022-01-01T05:00Z,2022-01-01T05:30Z,59,52,low
2022-01-01T05:30Z,2022-01-01T06:00Z,52,53,low
2022-01-01T06:00Z,2022-01-01T06:30Z,50,51,low
2022-01-01T06:30Z,2022-01-01T07:00Z,52,48,low
2022-01-01T07:00Z,2022-01-01T07:30Z,51,45,low
2022-01-01T07:30Z,2022-01-01T08:00Z,47,47,low
2022-01-01T08:00Z,2022-01-01T08:30Z,44,49,low
2022-01-01T08:30Z,2022-01-01T09:00Z,45,49,low
2022-01-01T09:00Z,2022-01-01T09:30Z,50,47,low
2022-01-01T09:30Z,2022-01-01T10:00Z,51,53,low
2022-01-01T10:00Z,2022-01-01T10:30Z,48,49,low
2022-01-01T10:30Z,2022-01-01T11:00Z,51,48,low
2022-01-01T11:00Z,2022-01-01T11:30Z,48,45,low
2022-01-01T11:30Z,2022-01-01T12:00Z,49,48,low
2022-01-01T12:00Z,2022-01-01T12:30Z,41,52,low
2022-01-01T12:30Z,2022-01-01T13:00Z,46,57,low
2022-01-01T13:00Z,2022-01-01T13:30Z,55,54,low
2022-01-01T13:30Z,2022-01-01T14:00Z,54,58,low
2022-01-01T14:00Z,2022-01-01T14:30Z,55,58,low
2022-01-01T14:30Z,2022-01-01T15:00Z,56,60,low
2022-01-01T15:00Z,2022-01-01T15:30Z,63,64,low
2022-01-01T15:30Z,2022-01-01T16:00Z,60,71,low
2022-01-01T16:00Z,2022-01-01T16:30Z,62,73,low
2022-01-01T16:30Z,2022-01-01T17:00Z,72,81,low
2022-01-01T17:00Z,2022-01-01T17:30Z,75,82,low
2022-01-01T17:30Z,2022-01-01T18:00Z,80,83,low
2022-01-01T18:00Z,2022-01-01T18:30Z,80,86,low
2022-01-01T18:30Z,2022-01-01T19:00Z,79,85,low
2022-01-01T19:00Z,2022-01-01T19:30Z,82,77,low
2022-01-01T19:30Z,2022-01-01T20:00Z,82,73,low
2022-01-01T20:00Z,2022-01-01T20:30Z,80,78,low
2022-01-01T20:30Z,2022-01-01T21:00Z,71,76,low
2022-01-01T21:00Z,2022-01-01T21:30Z,77,76,low
2022-01-01T21:30Z,2022-01-01T22:00Z,72,68,low
2022-01-01T22:00Z,2022-01-01T22:30Z,68,63,low
2022-01-01T22:30Z,2022-01-01T23:00Z,53,60,low
2022-01-01T23:00Z,2022-01-01T23:30Z,53,56,low
2022-01-01T23:30Z,2022-01-02T00:00Z,55,56,low
2022-01-02T00:00Z,2022-01-02T00:30Z,53,44,very low
2022-01-02T00:30Z,2022-01-02T01:00Z,57,47,low
2022-01-02T01:00Z,2022-01-02T01:30Z,44,50,low
2022-01-02T01:30Z,2022-01-02T02:00Z,47,50,low
2022-01-02T02:00Z,2022-01-02T02:30Z,47,47,low
2022-01-02T02:30Z,2022-01-02T03:00Z,47,45,low
2022-01-02T03:00Z,2022-01-02T03:30Z,47,47,low
2022-01-02T03:30Z,2022-01-02T04:00Z,43,45,low
2022-01-02T04:00Z,2022-01-02T04:30Z,49,50,low
2022-01-02T04:30Z,2022-01-02T05:00Z,45,48,low
2022-01-02T05:00Z,2022-01-02T05:30Z,50,54,low
2022-01-02T05:30Z,2022-01-02T06:00Z,49,51,low
2022-01-02T06:00Z,2022-01-02T06:30Z,53,50,low
2022-01-02T06:30Z,2022-01-02T07:00Z,49,54,low
2022-01-02T07:00Z,2022-01-02T07:30Z,49,48,low
2022-01-02T07:30Z,2022-01-02T08:00Z,51,48,low
2022-01-02T08:00Z,2022-01-02T08:30Z,46,57,low
2022-01-02T08:30Z,2022-01-02T09:00Z,47,65,low
2022-01-02T09:00Z,2022-01-02T09:30Z,55,62,low
2022-01-02T09:30Z,2022-01-02T10:00Z,63,65,low
2022-01-02T10:00Z,2022-01-02T10:30Z,62,63,low
2022-01-02T10:30Z,2022-01-02T11:00Z,64,64,low
2022-01-02T11:00Z,2022-01-02T11:30Z,64,70,low
2022-01-02T11:30Z,2022-01-02T12:00Z,64,73,low
2022-01-02T12:00Z,2022-01-02T12:30Z,69,74,low
2022-01-02T12:30Z,2022-01-02T13:00Z,76,76,low
2022-01-02T13:00Z,2022-01-02T13:30Z,74,76,low
2022-01-02T13:30Z,2022-01-02T14:00Z,77,80,low
2022-01-02T14:00Z,2022-01-02T14:30Z,76,85,low
2022-01-02T14:30Z,2022-01-02T15:00Z,77,84,low
2022-01-02T15:00Z,2022-01-02T15:30Z,90,88,low
2022-01-02T15:30Z,2022-01-02T16:00Z,90,94,low
2022-01-02T16:00Z,2022-01-02T16:30Z,89,102,low
2022-01-02T16:30Z,2022-01-02T17:00Z,99,104,low
2022-01-02T17:00Z,2022-01-02T17:30Z,96,102,low
2022-01-02T17:30Z,2022-01-02T18:00Z,97,98,low
2022-01-02T18:00Z,2022-01-02T18:30Z,95,96,low
2022-01-02T18:30Z,2022-01-02T19:00Z,97,92,low
2022-01-02T19:00Z,2022-01-02T19:30Z,89,91,low
2022-01-02T19:30Z,2022-01-02T20:00Z,88,83,low
2022-01-02T20:00Z,2022-01-02T20:30Z,87,73,low
2022-01-02T20:30Z,2022-01-02T21:00Z,84,65,low
2022-01-02T21:00Z,2022-01-02T21:30Z,70,62,low
2022-01-02T21:30Z,2022-01-02T22:00Z,53,53,low
2022-01-02T22:00Z,2022-01-02T22:30Z,57,56,low
2022-01-02T22:30Z,2022-01-02T23:00Z,46,57,low
2022-01-02T23:00Z,2022-01-02T23:30Z,58,58,low
2022-01-02T23:30Z,2022-01-03T00:00Z,58,55,low
2022-01-03T00:00Z,2022-01-03T00:30Z,60,50,low
2022-01-03T00:30Z,2022-01-03T01:00Z,55,55,low
2022-01-03T01:00Z,2022-01-03T01:30Z,49,53,low
2022-01-03T01:30Z,2022-01-03T02:00Z,54,50,low
2022-01-03T02:00Z,2022-01-03T02:30Z,48,46,low
2022-01-03T02:30Z,2022-01-03T03:00Z,43,47,low
2022-01-03T03:00Z,2022-01-03T03:30Z,44,47,low
2022-01-03T03:30Z,2022-01-03T04:00Z,43,45,low
2022-01-03T04:00Z,2022-01-03T04:30Z,47,44,very low
2022-01-03T04:30Z,2022-01-03T05:00Z,44,41,very low
2022-01-03T05:00Z,2022-01-03T05:30Z,46,42,very low
2022-01-03T05:30Z,2022-01-03T06:00Z,43,47,low
2022-01-03T06:00Z,2022-01-03T06:30Z,44,57,low
2022-01-03T06:30Z,2022-01-03T07:00Z,46,60,low
2022-01-03T07:00Z,2022-01-03T07:30Z,58,64,low
2022-01-03T07:30Z,2022-01-03T08:00Z,61,68,low
2022-01-03T08:00Z,2022-01-03T08:30Z,62,74,low
2022-01-03T08:30Z,2022-01-03T09:00Z,68,86,low
2022-01-03T09:00Z,2022-01-03T09:30Z,74,99,low
2022-01-03T09:30Z,2022-01-03T10:00Z,89,102,low
2022-01-03T10:00Z,2022-01-03T10:30Z,99,90,low
2022-01-03T10:30Z,2022-01-03T11:00Z,105,90,low
2022-01-03T11:00Z,2022-01-03T11:30Z,96,90,low
2022-01-03T11:30Z,2022-01-03T12:00Z,93,99,low
2022-01-03T12:00Z,2022-01-03T12:30Z,91,104,low
2022-01-03T12:30Z,2022-01-03T13:00Z,100,104,low
2022-01-03T13:00Z,2022-01-03T13:30Z,108,105,low
2022-01-03T13:30Z,2022-01-03T14:00Z,105,108,low
2022-01-03T14:00Z,2022-01-03T14:30Z,104,110,low
2022-01-03T14:30Z,2022-01-03T15:00Z,111,114,low
2022-01-03T15:00Z,2022-01-03T15:30Z,111,120,low
2022-01-03T15:30Z,2022-01-03T16:00Z,124,125,low
2022-01-03T16:00Z,2022-01-03T16:30Z,126,127,low
2022-01-03T16:30Z,2022-01-03T17:00Z,136,131,moderate
2022-01-03T17:00Z,2022-01-03T17:30Z,129,139,moderate
2022-01-03T17:30Z,2022-01-03T18:00Z,133,138,moderate
2022-01-03T18:00Z,2022-01-03T18:30Z,137,137,moderate
2022-01-03T18:30Z,2022-01-03T19:00Z,123,136,moderate
2022-01-03T19:00Z,2022-01-03T19:30Z,135,136,moderate
2022-01-03T19:30Z,2022-01-03T20:00Z,134,133,moderate
2022-01-03T20:00Z,2022-01-03T20:30Z,136,124,low
2022-01-03T20:30Z,2022-01-03T21:00Z,132,115,low
2022-01-03T21:00Z,2022-01-03T21:30Z,124,109,low
2022-01-03T21:30Z,2022-01-03T22:00Z,115,103,low
2022-01-03T22:00Z,2022-01-03T22:30Z,107,97,low
2022-01-03T22:30Z,2022-01-03T23:00Z,95,87,low
2022-01-03T23:00Z,2022-01-03T23:30Z,99,75,low
2022-01-03T23:30Z,2022-01-04T00:00Z,89,65,low
2022-01-04T00:00Z,2022-01-04T00:30Z,79,68,low
2022-01-04T00:30Z,2022-01-04T01:00Z,67,78,low
2022-01-04T01:00Z,2022-01-04T01:30Z,71,82,low
2022-01-04T01:30Z,2022-01-04T02:00Z,82,81,low
2022-01-04T02:00Z,2022-01-04T02:30Z,81,82,low
2022-01-04T02:30Z,2022-01-04T03:00Z,79,81,low
2022-01-04T03:00Z,2022-01-04T03:30Z,81,77,low
2022-01-04T03:30Z,2022-01-04T04:00Z,80,73,low
2022-01-04T04:00Z,2022-01-04T04:30Z,78,70,low
2022-01-04T04:30Z,2022-01-04T05:00Z,68,70,low
2022-01-04T05:00Z,2022-01-04T05:30Z,72,77,low
2022-01-04T05:30Z,2022-01-04T06:00Z,69,92,low
2022-01-04T06:00Z,2022-01-04T06:30Z,80,105,low
2022-01-04T06:30Z,2022-01-04T07:00Z,100,122,low
2022-01-04T07:00Z,2022-01-04T07:30Z,122,130,moderate
2022-01-04T07:30Z,2022-01-04T08:00Z,133,140,moderate
2022-01-04T08:00Z,2022-01-04T08:30Z,120,148,moderate
2022-01-04T08:30Z,2022-01-04T09:00Z,136,154,moderate
2022-01-04T09:00Z,2022-01-04T09:30Z,141,152,moderate
2022-01-04T09:30Z,2022-01-04T10:00Z,142,148,moderate
2022-01-04T10:00Z,2022-01-04T10:30Z,139,138,moderate
2022-01-04T10:30Z,2022-01-04T11:00Z,135,136,moderate
2022-01-04T11:00Z,2022-01-04T11:30Z,133,133,moderate
2022-01-04T11:30Z,2022-01-04T12:00Z,130,129,low
2022-01-04T12:00Z,2022-01-04T12:30Z,128,127,low
2022-01-04T12:30Z,2022-01-04T13:00Z,126,124,low
2022-01-04T13:00Z,2022-01-04T13:30Z,124,121,low
2022-01-04T13:30Z,2022-01-04T14:00Z,122,121,low
2022-01-04T14:00Z,2022-01-04T14:30Z,121,128,low
2022-01-04T14:30Z,2022-01-04T15:00Z,124,135,moderate
2022-01-04T15:00Z,2022-01-04T15:30Z,125,140,moderate
2022-01-04T15:30Z,2022-01-04T16:00Z,130,142,moderate
2022-01-04T16:00Z,2022-01-04T16:30Z,140,141,moderate
2022-01-04T16:30Z,2022-01-04T17:00Z,151,142,moderate
2022-01-04T17:00Z,2022-01-04T17:30Z,137,145,moderate
2022-01-04T17:30Z,2022-01-04T18:00Z,129,144,moderate
2022-01-04T18:00Z,2022-01-04T18:30Z,130,144,moderate
2022-01-04T18:30Z,2022-01-04T19:00Z,130,142,moderate
2022-01-04T19:00Z,2022-01-04T19:30Z,138,136,moderate
2022-01-04T19:30Z,2022-01-04T20:00Z,110,133,moderate
2022-01-04T20:00Z,2022-01-04T20:30Z,114,122,low
2022-01-04T20:30Z,2022-01-04T21:00Z,125,109,low
2022-01-04T21:00Z,2022-01-04T21:30Z,118,103,low
2022-01-04T21:30Z,2022-01-04T22:00Z,110,91,low
2022-01-04T22:00Z,2022-01-04T22:30Z,100,81,low
2022-01-04T22:30Z,2022-01-04T23:00Z,88,69,low
2022-01-04T23:00Z,2022-01-04T23:30Z,76,64,low
2022-01-04T23:30Z,2022-01-05T00:00Z,63,61,low
2022-01-05T00:00Z,2022-01-05T00:30Z,60,61,low
2022-01-05T00:30Z,2022-01-05T01:00Z,57,62,low
2022-01-05T01:00Z,2022-01-05T01:30Z,56,55,low
2022-01-05T01:30Z,2022-01-05T02:00Z,57,49,low
2022-01-05T02:00Z,2022-01-05T02:30Z,51,50,low
2022-01-05T02:30Z,2022-01-05T03:00Z,43,51,low
2022-01-05T03:00Z,2022-01-05T03:30Z,45,51,low
2022-01-05T03:30Z,2022-01-05T04:00Z,45,52,low
2022-01-05T04:00Z,2022-01-05T04:30Z,43,59,low
2022-01-05T04:30Z,2022-01-05T05:00Z,45,58,low
2022-01-05T05:00Z,2022-01-05T05:30Z,53,59,low
2022-01-05T05:30Z,2022-01-05T06:00Z,51,66,low
2022-01-05T06:00Z,2022-01-05T06:30Z,54,77,low
2022-01-05T06:30Z,2022-01-05T07:00Z,66,95,low
2022-01-05T07:00Z,2022-01-05T07:30Z,84,116,low
2022-01-05T07:30Z,2022-01-05T08:00Z,104,134,moderate
2022-01-05T08:00Z,2022-01-05T08:30Z,127,147,moderate
2022-01-05T08:30Z,2022-01-05T09:00Z,139,147,moderate
2022-01-05T09:00Z,2022-01-05T09:30Z,148,140,moderate
2022-01-05T09:30Z,2022-01-05T10:00Z,146,141,moderate
2022-01-05T10:00Z,2022-01-05T10:30Z,140,136,moderate
2022-01-05T10:30Z,2022-01-05T11:00Z,140,135,moderate
2022-01-05T11:00Z,2022-01-05T11:30Z,140,138,moderate
2022-01-05T11:30Z,2022-01-05T12:00Z,134,139,moderate
2022-01-05T12:00Z,2022-01-05T12:30Z,142,141,moderate
2022-01-05T12:30Z,2022-01-05T13:00Z,145,146,moderate
2022-01-05T13:00Z,2022-01-05T13:30Z,145,150,moderate
2022-01-05T13:30Z,2022-01-05T14:00Z,152,156,moderate
2022-01-05T14:00Z,2022-01-05T14:30Z,161,162,moderate
2022-01-05T14:30Z,2022-01-05T15:00Z,163,173,moderate
2022-01-05T15:00Z,2022-01-05T15:30Z,164,183,moderate
2022-01-05T15:30Z,2022-01-05T16:00Z,185,193,moderate
2022-01-05T16:00Z,2022-01-05T16:30Z,197,198,moderate
2022-01-05T16:30Z,2022-01-05T17:00Z,206,202,moderate
2022-01-05T17:00Z,2022-01-05T17:30Z,201,204,moderate
2022-01-05T17:30Z,2022-01-05T18:00Z,204,204,moderate
2022-01-05T18:00Z,2022-01-05T18:30Z,207,204,moderate
2022-01-05T18:30Z,2022-01-05T19:00Z,208,209,moderate
2022-01-05T19:00Z,2022-01-05T19:30Z,208,212,high
2022-01-05T19:30Z,2022-01-05T20:00Z,211,211,high
2022-01-05T20:00Z,2022-01-05T20:30Z,213,216,high
2022-01-05T20:30Z,2022-01-05T21:00Z,209,214,high
2022-01-05T21:00Z,2022-01-05T21:30Z,214,209,moderate
2022-01-05T21:30Z,2022-01-05T22:00Z,207,205,moderate
2022-01-05T22:00Z,2022-01-05T22:30Z,212,199,moderate
2022-01-05T22:30Z,2022-01-05T23:00Z,200,196,moderate
2022-01-05T23:00Z,2022-01-05T23:30Z,200,193,moderate
2022-01-05T23:30Z,2022-01-06T00:00Z,203,190,moderate
2022-01-06T00:00Z,2022-01-06T00:30Z,195,192,moderate
2022-01-06T00:30Z,2022-01-06T01:00Z,193,198,moderate
2022-01-06T01:00Z,2022-01-06T01:30Z,195,195,moderate
2022-01-06T01:30Z,2022-01-06T02:00Z,201,194,moderate
2022-01-06T02:00Z,2022-01-06T02:30Z,190,192,moderate
2022-01-06T02:30Z,2022-01-06T03:00Z,194,187,moderate
2022-01-06T03:00Z,2022-01-06T03:30Z,188,182,moderate
2022-01-06T03:30Z,2022-01-06T04:00Z,182,169,moderate
2022-01-06T04:00Z,2022-01-06T04:30Z,174,156,moderate
2022-01-06T04:30Z,2022-01-06T05:00Z,164,150,moderate
2022-01-06T05:00Z,2022-01-06T05:30Z,152,162,moderate
2022-01-06T05:30Z,2022-01-06T06:00Z,147,168,moderate
2022-01-06T06:00Z,2022-01-06T06:30Z,167,175,moderate
2022-01-06T06:30Z,2022-01-06T07:00Z,175,183,moderate
2022-01-06T07:00Z,2022-01-06T07:30Z,183,192,moderate
2022-01-06T07:30Z,2022-01-06T08:00Z,177,193,moderate
2022-01-06T08:00Z,2022-01-06T08:30Z,189,195,moderate
2022-01-06T08:30Z,2022-01-06T09:00Z,194,193,moderate
2022-01-06T09:00Z,2022-01-06T09:30Z,192,187,moderate
2022-01-06T09:30Z,2022-01-06T10:00Z,190,184,moderate
2022-01-06T10:00Z,2022-01-06T10:30Z,178,185,moderate
2022-01-06T10:30Z,2022-01-06T11:00Z,178,184,moderate
2022-01-06T11:00Z,2022-01-06T11:30Z,178,175,moderate
2022-01-06T11:30Z,2022-01-06T12:00Z,172,170,moderate
2022-01-06T12:00Z,2022-01-06T12:30Z,170,168,moderate
2022-01-06T12:30Z,2022-01-06T13:00Z,163,167,moderate
2022-01-06T13:00Z,2022-01-06T13:30Z,157,165,moderate
2022-01-06T13:30Z,2022-01-06T14:00Z,159,164,moderate
2022-01-06T14:00Z,2022-01-06T14:30Z,162,162,moderate
2022-01-06T14:30Z,2022-01-06T15:00Z,159,163,moderate
2022-01-06T15:00Z,2022-01-06T15:30Z,172,160,moderate
2022-01-06T15:30Z,2022-01-06T16:00Z,168,161,moderate
2022-01-06T16:00Z,2022-01-06T16:30Z,168,157,moderate
2022-01-06T16:30Z,2022-01-06T17:00Z,177,158,moderate
2022-01-06T17:00Z,2022-01-06T17:30Z,154,160,moderate
2022-01-06T17:30Z,2022-01-06T18:00Z,157,157,moderate
2022-01-06T18:00Z,2022-01-06T18:30Z,154,157,moderate
2022-01-06T18:30Z,2022-01-06T19:00Z,144,151,moderate
2022-01-06T19:00Z,2022-01-06T19:30Z,142,148,moderate
2022-01-06T19:30Z,2022-01-06T20:00Z,144,144,moderate
2022-01-06T20:00Z,2022-01-06T20:30Z,136,132,moderate
2022-01-06T20:30Z,2022-01-06T21:00Z,136,120,low
2022-01-06T21:00Z,2022-01-06T21:30Z,117,114,low
2022-01-06T21:30Z,2022-01-06T22:00Z,116,103,low
2022-01-06T22:00Z,2022-01-06T22:30Z,103,104,low
2022-01-06T22:30Z,2022-01-06T23:00Z,102,90,low
2022-01-06T23:00Z,2022-01-06T23:30Z,93,77,low
2022-01-06T23:30Z,2022-01-07T00:00Z,88,72,low
2022-01-07T00:00Z,2022-01-07T00:30Z,92,69,low
2022-01-07T00:30Z,2022-01-07T01:00Z,64,72,low
2022-01-07T01:00Z,2022-01-07T01:30Z,62,71,low
2022-01-07T01:30Z,2022-01-07T02:00Z,66,70,low
2022-01-07T02:00Z,2022-01-07T02:30Z,66,72,low
2022-01-07T02:30Z,2022-01-07T03:00Z,66,72,low
2022-01-07T03:00Z,2022-01-07T03:30Z,64,72,low
2022-01-07T03:30Z,2022-01-07T04:00Z,65,72,low
2022-01-07T04:00Z,2022-01-07T04:30Z,73,74,low
2022-01-07T04:30Z,2022-01-07T05:00Z,70,74,low
2022-01-07T05:00Z,2022-01-07T05:30Z,74,74,low
2022-01-07T05:30Z,2022-01-07T06:00Z,80,79,low
2022-01-07T06:00Z,2022-01-07T06:30Z,78,91,low
2022-01-07T06:30Z,2022-01-07T07:00Z,83,105,low
2022-01-07T07:00Z,2022-01-07T07:30Z,95,131,moderate
2022-01-07T07:30Z,2022-01-07T08:00Z,110,144,moderate
2022-01-07T08:00Z,2022-01-07T08:30Z,135,150,moderate
2022-01-07T08:30Z,2022-01-07T09:00Z,153,152,moderate
2022-01-07T09:00Z,2022-01-07T09:30Z,156,143,moderate
2022-01-07T09:30Z,2022-01-07T10:00Z,154,143,moderate
2022-01-07T10:00Z,2022-01-07T10:30Z,148,142,moderate
2022-01-07T10:30Z,2022-01-07T11:00Z,142,143,moderate
2022-01-07T11:00Z,2022-01-07T11:30Z,144,143,moderate
2022-01-07T11:30Z,2022-01-07T12:00Z,143,144,moderate
2022-01-07T12:00Z,2022-01-07T12:30Z,144,150,moderate
2022-01-07T12:30Z,2022-01-07T13:00Z,146,152,moderate
2022-01-07T13:00Z,2022-01-07T13:30Z,149,150,moderate
2022-01-07T13:30Z,2022-01-07T14:00Z,151,156,moderate
2022-01-07T14:00Z,2022-01-07T14:30Z,157,162,moderate
2022-01-07T14:30Z,2022-01-07T15:00Z,156,167,moderate
2022-01-07T15:00Z,2022-01-07T15:30Z,162,171,moderate
2022-01-07T15:30Z,2022-01-07T16:00Z,167,175,moderate
2022-01-07T16:00Z,2022-01-07T16:30Z,171,174,moderate
2022-01-07T16:30Z,2022-01-07T17:00Z,178,175,moderate
2022-01-07T17:00Z,2022-01-07T17:30Z,179,177,moderate
2022-01-07T17:30Z,2022-01-07T18:00Z,174,178,moderate
2022-01-07T18:00Z,2022-01-07T18:30Z,177,179,moderate
2022-01-07T18:30Z,2022-01-07T19:00Z,176,180,moderate
2022-01-07T19:00Z,2022-01-07T19:30Z,179,186,moderate
2022-01-07T19:30Z,2022-01-07T20:00Z,181,185,moderate
2022-01-07T20:00Z,2022-01-07T20:30Z,184,186,moderate
2022-01-07T20:30Z,2022-01-07T21:00Z,178,181,moderate
2022-01-07T21:00Z,2022-01-07T21:30Z,173,177,moderate
2022-01-07T21:30Z,2022-01-07T22:00Z,173,173,moderate
2022-01-07T22:00Z,2022-01-07T22:30Z,169,169,moderate
2022-01-07T22:30Z,2022-01-07T23:00Z,167,161,moderate
2022-01-07T23:00Z,2022-01-07T23:30Z,158,150,moderate
2022-01-07T23:30Z,2022-01-08T00:00Z,149,136,moderate
2022-01-08T00:00Z,2022-01-08T00:30Z,144,133,moderate
2022-01-08T00:30Z,2022-01-08T01:00Z,127,135,moderate
2022-01-08T01:00Z,2022-01-08T01:30Z,124,132,moderate
2022-01-08T01:30Z,2022-01-08T02:00Z,128,125,low
2022-01-08T02:00Z,2022-01-08T02:30Z,122,117,low
2022-01-08T02:30Z,2022-01-08T03:00Z,114,108,low
2022-01-08T03:00Z,2022-01-08T03:30Z,113,104,low
2022-01-08T03:30Z,2022-01-08T04:00Z,101,92,low
2022-01-08T04:00Z,2022-01-08T04:30Z,96,97,low
2022-01-08T04:30Z,2022-01-08T05:00Z,82,95,low
2022-01-08T05:00Z,2022-01-08T05:30Z,88,104,low
2022-01-08T05:30Z,2022-01-08T06:00Z,84,105,low
2022-01-08T06:00Z,2022-01-08T06:30Z,97,107,low
2022-01-08T06:30Z,2022-01-08T07:00Z,96,109,low
2022-01-08T07:00Z,2022-01-08T07:30Z,101,104,low
2022-01-08T07:30Z,2022-01-08T08:00Z,110,103,low
2022-01-08T08:00Z,2022-01-08T08:30Z,116,111,low
2022-01-08T08:30Z,2022-01-08T09:00Z,114,117,low
2022-01-08T09:00Z,2022-01-08T09:30Z,113,113,low
2022-01-08T09:30Z,2022-01-08T10:00Z,125,119,low
2022-01-08T10:00Z,2022-01-08T10:30Z,114,127,low
2022-01-08T10:30Z,2022-01-08T11:00Z,124,133,moderate
2022-01-08T11:00Z,2022-01-08T11:30Z,126,138,moderate
2022-01-08T11:30Z,2022-01-08T12:00Z,137,142,moderate
2022-01-08T12:00Z,2022-01-08T12:30Z,138,143,moderate
2022-01-08T12:30Z,2022-01-08T13:00Z,145,140,moderate
2022-01-08T13:00Z,2022-01-08T13:30Z,142,138,moderate
2022-01-08T13:30Z,2022-01-08T14:00Z,142,137,moderate
2022-01-08T14:00Z,2022-01-08T14:30Z,136,139,moderate
2022-01-08T14:30Z,2022-01-08T15:00Z,135,140,moderate
2022-01-08T15:00Z,2022-01-08T15:30Z,130,141,moderate
2022-01-08T15:30Z,2022-01-08T16:00Z,145,146,moderate
2022-01-08T16:00Z,2022-01-08T16:30Z,150,147,moderate
2022-01-08T16:30Z,2022-01-08T17:00Z,156,149,moderate
2022-01-08T17:00Z,2022-01-08T17:30Z,148,145,moderate
2022-01-08T17:30Z,2022-01-08T18:00Z,146,146,moderate
2022-01-08T18:00Z,2022-01-08T18:30Z,138,141,moderate
2022-01-08T18:30Z,2022-01-08T19:00Z,133,135,moderate
2022-01-08T19:00Z,2022-01-08T19:30Z,131,137,moderate
2022-01-08T19:30Z,2022-01-08T20:00Z,120,129,low
2022-01-08T20:00Z,2022-01-08T20:30Z,128,120,low
2022-01-08T20:30Z,2022-01-08T21:00Z,118,109,low
2022-01-08T21:00Z,2022-01-08T21:30Z,113,102,low
2022-01-08T21:30Z,2022-01-08T22:00Z,100,94,low
2022-01-08T22:00Z,2022-01-08T22:30Z,92,82,low
2022-01-08T22:30Z,2022-01-08T23:00Z,86,73,low
2022-01-08T23:00Z,2022-01-08T23:30Z,79,68,low
2022-01-08T23:30Z,2022-01-09T00:00Z,69,74,low
2022-01-09T00:00Z,2022-01-09T00:30Z,68,79,low
2022-01-09T00:30Z,2022-01-09T01:00Z,74,82,low
2022-01-09T01:00Z,2022-01-09T01:30Z,76,84,low
2022-01-09T01:30Z,2022-01-09T02:00Z,75,82,low
2022-01-09T02:00Z,2022-01-09T02:30Z,78,80,low
2022-01-09T02:30Z,2022-01-09T03:00Z,75,78,low
2022-01-09T03:00Z,2022-01-09T03:30Z,73,75,low
2022-01-09T03:30Z,2022-01-09T04:00Z,68,72,low
2022-01-09T04:00Z,2022-01-09T04:30Z,84,73,low
2022-01-09T04:30Z,2022-01-09T05:00Z,71,73,low
2022-01-09T05:00Z,2022-01-09T05:30Z,72,82,low
2022-01-09T05:30Z,2022-01-09T06:00Z,72,83,low
2022-01-09T06:00Z,2022-01-09T06:30Z,79,85,low
2022-01-09T06:30Z,2022-01-09T07:00Z,80,94,low
2022-01-09T07:00Z,2022-01-09T07:30Z,87,97,low
2022-01-09T07:30Z,2022-01-09T08:00Z,95,102,low
2022-01-09T08:00Z,2022-01-09T08:30Z,110,109,low
2022-01-09T08:30Z,2022-01-09T09:00Z,110,118,low
2022-01-09T09:00Z,2022-01-09T09:30Z,120,126,low
2022-01-09T09:30Z,2022-01-09T10:00Z,120,131,moderate
2022-01-09T10:00Z,2022-01-09T10:30Z,129,138,moderate
2022-01-09T10:30Z,2022-01-09T11:00Z,130,142,moderate
2022-01-09T11:00Z,2022-01-09T11:30Z,137,146,moderate
2022-01-09T11:30Z,2022-01-09T12:00Z,137,149,moderate
2022-01-09T12:00Z,2022-01-09T12:30Z,148,157,moderate
2022-01-09T12:30Z,2022-01-09T13:00Z,149,167,moderate
2022-01-09T13:00Z,2022-01-09T13:30Z,159,174,moderate
2022-01-09T13:30Z,2022-01-09T14:00Z,170,183,moderate
2022-01-09T14:00Z,2022-01-09T14:30Z,175,193,moderate
2022-01-09T14:30Z,2022-01-09T15:00Z,184,204,moderate
2022-01-09T15:00Z,2022-01-09T15:30Z,194,212,high
2022-01-09T15:30Z,2022-01-09T16:00Z,220,220,high
2022-01-09T16:00Z,2022-01-09T16:30Z,212,220,high
2022-01-09T16:30Z,2022-01-09T17:00Z,220,224,high
2022-01-09T17:00Z,2022-01-09T17:30Z,220,225,high
2022-01-09T17:30Z,2022-01-09T18:00Z,227,225,high
2022-01-09T18:00Z,2022-01-09T18:30Z,228,228,high
2022-01-09T18:30Z,2022-01-09T19:00Z,231,229,high
2022-01-09T19:00Z,2022-01-09T19:30Z,235,234,high
2022-01-09T19:30Z,2022-01-09T20:00Z,237,238,high
2022-01-09T20:00Z,2022-01-09T20:30Z,232,239,high
2022-01-09T20:30Z,2022-01-09T21:00Z,233,239,high
2022-01-09T21:00Z,2022-01-09T21:30Z,235,239,high
2022-01-09T21:30Z,2022-01-09T22:00Z,230,237,high
2022-01-09T22:00Z,2022-01-09T22:30Z,230,230,high
2022-01-09T22:30Z,2022-01-09T23:00Z,221,221,high
2022-01-09T23:00Z,2022-01-09T23:30Z,219,221,high
2022-01-09T23:30Z,2022-01-10T00:00Z,219,217,high
2022-01-10T00:00Z,2022-01-10T00:30Z,219,212,high
2022-01-10T00:30Z,2022-01-10T01:00Z,216,212,high
2022-01-10T01:00Z,2022-01-10T01:30Z,207,210,high
2022-01-10T01:30Z,2022-01-10T02:00Z,205,208,moderate
2022-01-10T02:00Z,2022-01-10T02:30Z,206,212,high
2022-01-10T02:30Z,2022-01-10T03:00Z,201,214,high
2022-01-10T03:00Z,2022-01-10T03:30Z,201,215,high
2022-01-10T03:30Z,2022-01-10T04:00Z,191,207,moderate
2022-01-10T04:00Z,2022-01-10T04:30Z,199,214,high
2022-01-10T04:30Z,2022-01-10T05:00Z,202,213,high
2022-01-10T05:00Z,2022-01-10T05:30Z,205,219,high
2022-01-10T05:30Z,2022-01-10T06:00Z,231,224,high
2022-01-10T06:00Z,2022-01-10T06:30Z,235,241,high
2022-01-10T06:30Z,2022-01-10T07:00Z,237,252,high
2022-01-10T07:00Z,2022-01-10T07:30Z,246,254,high
2022-01-10T07:30Z,2022-01-10T08:00Z,250,253,high
2022-01-10T08:00Z,2022-01-10T08:30Z,250,253,high
2022-01-10T08:30Z,2022-01-10T09:00Z,248,252,high
2022-01-10T09:00Z,2022-01-10T09:30Z,248,250,high
2022-01-10T09:30Z,2022-01-10T10:00Z,248,251,high
2022-01-10T10:00Z,2022-01-10T10:30Z,246,247,high
2022-01-10T10:30Z,2022-01-10T11:00Z,247,244,high
2022-01-10T11:00Z,2022-01-10T11:30Z,245,242,high
2022-01-10T11:30Z,2022-01-10T12:00Z,237,239,high
2022-01-10T12:00Z,2022-01-10T12:30Z,237,235,high
2022-01-10T12:30Z,2022-01-10T13:00Z,237,233,high
2022-01-10T13:00Z,2022-01-10T13:30Z,230,238,high
2022-01-10T13:30Z,2022-01-10T14:00Z,224,236,high
2022-01-10T14:00Z,2022-01-10T14:30Z,226,236,high
2022-01-10T14:30Z,2022-01-10T15:00Z,219,233,high
2022-01-10T15:00Z,2022-01-10T15:30Z,218,234,high
2022-01-10T15:30Z,2022-01-10T16:00Z,209,227,high
2022-01-10T16:00Z,2022-01-10T16:30Z,208,225,high
2022-01-10T16:30Z,2022-01-10T17:00Z,202,221,high
2022-01-10T17:00Z,2022-01-10T17:30Z,208,219,high
2022-01-10T17:30Z,2022-01-10T18:00Z,205,221,high
2022-01-10T18:00Z,2022-01-10T18:30Z,195,222,high
2022-01-10T18:30Z,2022-01-10T19:00Z,194,220,high
2022-01-10T19:00Z,2022-01-10T19:30Z,193,223,high
2022-01-10T19:30Z,2022-01-10T20:00Z,194,221,high
2022-01-10T20:00Z,2022-01-10T20:30Z,188,219,high
2022-01-10T20:30Z,2022-01-10T21:00Z,186,211,high
2022-01-10T21:00Z,2022-01-10T21:30Z,185,208,moderate
2022-01-10T21:30Z,2022-01-10T22:00Z,175,208,moderate
2022-01-10T22:00Z,2022-01-10T22:30Z,171,203,moderate
2022-01-10T22:30Z,2022-01-10T23:00Z,169,195,moderate
2022-01-10T23:00Z,2022-01-10T23:30Z,171,180,moderate
2022-01-10T23:30Z,2022-01-11T00:00Z,168,175,moderate
2022-01-11T00:00Z,2022-01-11T00:30Z,158,169,moderate
2022-01-11T00:30Z,2022-01-11T01:00Z,156,179,moderate
2022-01-11T01:00Z,2022-01-11T01:30Z,149,176,moderate
2022-01-11T01:30Z,2022-01-11T02:00Z,157,171,moderate
2022-01-11T02:00Z,2022-01-11T02:30Z,153,161,moderate
2022-01-11T02:30Z,2022-01-11T03:00Z,146,159,moderate
2022-01-11T03:00Z,2022-01-11T03:30Z,141,160,moderate
2022-01-11T03:30Z,2022-01-11T04:00Z,141,161,moderate
2022-01-11T04:00Z,2022-01-11T04:30Z,144,167,moderate
2022-01-11T04:30Z,2022-01-11T05:00Z,144,167,moderate
2022-01-11T05:00Z,2022-01-11T05:30Z,158,176,moderate
2022-01-11T05:30Z,2022-01-11T06:00Z,155,183,moderate
2022-01-11T06:00Z,2022-01-11T06:30Z,178,209,moderate
2022-01-11T06:30Z,2022-01-11T07:00Z,184,225,high
2022-01-11T07:00Z,2022-01-11T07:30Z,199,243,high
2022-01-11T07:30Z,2022-01-11T08:00Z,209,258,high
2022-01-11T08:00Z,2022-01-11T08:30Z,216,263,high
2022-01-11T08:30Z,2022-01-11T09:00Z,228,266,high
2022-01-11T09:00Z,2022-01-11T09:30Z,232,267,high
2022-01-11T09:30Z,2022-01-11T10:00Z,233,266,high
2022-01-11T10:00Z,2022-01-11T10:30Z,245,272,high
2022-01-11T10:30Z,2022-01-11T11:00Z,240,270,high
2022-01-11T11:00Z,2022-01-11T11:30Z,248,269,high
2022-01-11T11:30Z,2022-01-11T12:00Z,247,264,high
2022-01-11T12:00Z,2022-01-11T12:30Z,246,262,high
2022-01-11T12:30Z,2022-01-11T13:00Z,248,260,high
2022-01-11T13:00Z,2022-01-11T13:30Z,248,267,high
2022-01-11T13:30Z,2022-01-11T14:00Z,247,268,high
2022-01-11T14:00Z,2022-01-11T14:30Z,246,272,high
2022-01-11T14:30Z,2022-01-11T15:00Z,246,274,high
2022-01-11T15:00Z,2022-01-11T15:30Z,247,270,high
2022-01-11T15:30Z,2022-01-11T16:00Z,264,271,high
2022-01-11T16:00Z,2022-01-11T16:30Z,251,270,high
2022-01-11T16:30Z,2022-01-11T17:00Z,253,267,high
2022-01-11T17:00Z,2022-01-11T17:30Z,249,264,high
2022-01-11T17:30Z,2022-01-11T18:00Z,251,266,high
2022-01-11T18:00Z,2022-01-11T18:30Z,241,268,high
2022-01-11T18:30Z,2022-01-11T19:00Z,257,267,high
2022-01-11T19:00Z,2022-01-11T19:30Z,255,267,high
2022-01-11T19:30Z,2022-01-11T20:00Z,257,270,high
2022-01-11T20:00Z,2022-01-11T20:30Z,260,268,high
2022-01-11T20:30Z,2022-01-11T21:00Z,261,261,high
2022-01-11T21:00Z,2022-01-11T21:30Z,257,259,high
2022-01-11T21:30Z,2022-01-11T22:00Z,239,248,high
2022-01-11T22:00Z,2022-01-11T22:30Z,230,232,high
2022-01-11T22:30Z,2022-01-11T23:00Z,218,218,high
2022-01-11T23:00Z,2022-01-11T23:30Z,207,217,high
2022-01-11T23:30Z,2022-01-12T00:00Z,211,212,high
2022-01-12T00:00Z,2022-01-12T00:30Z,205,216,high
2022-01-12T00:30Z,2022-01-12T01:00Z,208,219,high
2022-01-12T01:00Z,2022-01-12T01:30Z,197,222,high
2022-01-12T01:30Z,2022-01-12T02:00Z,199,214,high
2022-01-12T02:00Z,2022-01-12T02:30Z,204,208,moderate
2022-01-12T02:30Z,2022-01-12T03:00Z,194,208,moderate
2022-01-12T03:00Z,2022-01-12T03:30Z,198,203,moderate
2022-01-12T03:30Z,2022-01-12T04:00Z,198,199,moderate
2022-01-12T04:00Z,2022-01-12T04:30Z,190,205,moderate
2022-01-12T04:30Z,2022-01-12T05:00Z,203,210,high
2022-01-12T05:00Z,2022-01-12T05:30Z,200,218,high
2022-01-12T05:30Z,2022-01-12T06:00Z,230,227,high
2022-01-12T06:00Z,2022-01-12T06:30Z,232,241,high
2022-01-12T06:30Z,2022-01-12T07:00Z,232,252,high
2022-01-12T07:00Z,2022-01-12T07:30Z,247,261,high
2022-01-12T07:30Z,2022-01-12T08:00Z,247,264,high
2022-01-12T08:00Z,2022-01-12T08:30Z,251,264,high
2022-01-12T08:30Z,2022-01-12T09:00Z,245,264,high
2022-01-12T09:00Z,2022-01-12T09:30Z,247,263,high
2022-01-12T09:30Z,2022-01-12T10:00Z,240,260,high
2022-01-12T10:00Z,2022-01-12T10:30Z,238,257,high
2022-01-12T10:30Z,2022-01-12T11:00Z,235,253,high
2022-01-12T11:00Z,2022-01-12T11:30Z,235,247,high
2022-01-12T11:30Z,2022-01-12T12:00Z,229,248,high
2022-01-12T12:00Z,2022-01-12T12:30Z,228,249,high
2022-01-12T12:30Z,2022-01-12T13:00Z,232,248,high
2022-01-12T13:00Z,2022-01-12T13:30Z,235,250,high
2022-01-12T13:30Z,2022-01-12T14:00Z,237,250,high
2022-01-12T14:00Z,2022-01-12T14:30Z,239,245,high
2022-01-12T14:30Z,2022-01-12T15:00Z,242,252,high
2022-01-12T15:00Z,2022-01-12T15:30Z,245,256,high
2022-01-12T15:30Z,2022-01-12T16:00Z,246,259,high
2022-01-12T16:00Z,2022-01-12T16:30Z,256,256,high
2022-01-12T16:30Z,2022-01-12T17:00Z,258,252,high
2022-01-12T17:00Z,2022-01-12T17:30Z,247,244,high
2022-01-12T17:30Z,2022-01-12T18:00Z,245,243,high
2022-01-12T18:00Z,2022-01-12T18:30Z,239,242,high
2022-01-12T18:30Z,2022-01-12T19:00Z,236,242,high
2022-01-12T19:00Z,2022-01-12T19:30Z,241,248,high
2022-01-12T19:30Z,2022-01-12T20:00Z,237,253,high
2022-01-12T20:00Z,2022-01-12T20:30Z,241,253,high
2022-01-12T20:30Z,2022-01-12T21:00Z,246,246,high
2022-01-12T21:00Z,2022-01-12T21:30Z,241,242,high
2022-01-12T21:30Z,2022-01-12T22:00Z,231,231,high
2022-01-12T22:00Z,2022-01-12T22:30Z,230,223,high
2022-01-12T22:30Z,2022-01-12T23:00Z,216,218,high
2022-01-12T23:00Z,2022-01-12T23:30Z,201,214,high
2022-01-12T23:30Z,2022-01-13T00:00Z,203,213,high
2022-01-13T00:00Z,2022-01-13T00:30Z,213,207,moderate
2022-01-13T00:30Z,2022-01-13T01:00Z,212,212,high
2022-01-13T01:00Z,2022-01-13T01:30Z,200,208,moderate
2022-01-13T01:30Z,2022-01-13T02:00Z,202,206,moderate
2022-01-13T02:00Z,2022-01-13T02:30Z,205,204,moderate
2022-01-13T02:30Z,2022-01-13T03:00Z,214,200,moderate
2022-01-13T03:00Z,2022-01-13T03:30Z,202,197,moderate
2022-01-13T03:30Z,2022-01-13T04:00Z,199,199,moderate
2022-01-13T04:00Z,2022-01-13T04:30Z,201,203,moderate
2022-01-13T04:30Z,2022-01-13T05:00Z,202,205,moderate
2022-01-13T05:00Z,2022-01-13T05:30Z,206,210,high
2022-01-13T05:30Z,2022-01-13T06:00Z,217,221,high
2022-01-13T06:00Z,2022-01-13T06:30Z,220,238,high
2022-01-13T06:30Z,2022-01-13T07:00Z,237,248,high
2022-01-13T07:00Z,2022-01-13T07:30Z,254,252,high
2022-01-13T07:30Z,2022-01-13T08:00Z,254,255,high
2022-01-13T08:00Z,2022-01-13T08:30Z,251,258,high
2022-01-13T08:30Z,2022-01-13T09:00Z,254,258,high
2022-01-13T09:00Z,2022-01-13T09:30Z,255,254,high
2022-01-13T09:30Z,2022-01-13T10:00Z,254,251,high
2022-01-13T10:00Z,2022-01-13T10:30Z,249,244,high
2022-01-13T10:30Z,2022-01-13T11:00Z,247,241,high
2022-01-13T11:00Z,2022-01-13T11:30Z,240,235,high
2022-01-13T11:30Z,2022-01-13T12:00Z,238,232,high
2022-01-13T12:00Z,2022-01-13T12:30Z,238,232,high
2022-01-13T12:30Z,2022-01-13T13:00Z,236,233,high
2022-01-13T13:00Z,2022-01-13T13:30Z,238,235,high
2022-01-13T13:30Z,2022-01-13T14:00Z,240,239,high
2022-01-13T14:00Z,2022-01-13T14:30Z,242,243,high
2022-01-13T14:30Z,2022-01-13T15:00Z,247,249,high
2022-01-13T15:00Z,2022-01-13T15:30Z,254,258,high
2022-01-13T15:30Z,2022-01-13T16:00Z,264,265,high
2022-01-13T16:00Z,2022-01-13T16:30Z,267,263,high
2022-01-13T16:30Z,2022-01-13T17:00Z,265,259,high
2022-01-13T17:00Z,2022-01-13T17:30Z,259,256,high
2022-01-13T17:30Z,2022-01-13T18:00Z,264,256,high
2022-01-13T18:00Z,2022-01-13T18:30Z,261,254,high
2022-01-13T18:30Z,2022-01-13T19:00Z,254,253,high
2022-01-13T19:00Z,2022-01-13T19:30Z,259,256,high
2022-01-13T19:30Z,2022-01-13T20:00Z,256,257,high
2022-01-13T20:00Z,2022-01-13T20:30Z,251,262,high
2022-01-13T20:30Z,2022-01-13T21:00Z,248,266,high
2022-01-13T21:00Z,2022-01-13T21:30Z,234,258,high
2022-01-13T21:30Z,2022-01-13T22:00Z,252,248,high
2022-01-13T22:00Z,2022-01-13T22:30Z,245,229,high
2022-01-13T22:30Z,2022-01-13T23:00Z,239,223,high
2022-01-13T23:00Z,2022-01-13T23:30Z,231,219,high
2022-01-13T23:30Z,2022-01-14T00:00Z,221,219,high
2022-01-14T00:00Z,2022-01-14T00:30Z,221,225,high
2022-01-14T00:30Z,2022-01-14T01:00Z,223,229,high
2022-01-14T01:00Z,2022-01-14T01:30Z,228,230,high
2022-01-14T01:30Z,2022-01-14T02:00Z,232,231,high
2022-01-14T02:00Z,2022-01-14T02:30Z,235,234,high
2022-01-14T02:30Z,2022-01-14T03:00Z,230,241,high
2022-01-14T03:00Z,2022-01-14T03:30Z,236,244,high
2022-01-14T03:30Z,2022-01-14T04:00Z,240,247,high
2022-01-14T04:00Z,2022-01-14T04:30Z,246,253,high
2022-01-14T04:30Z,2022-01-14T05:00Z,251,256,high
2022-01-14T05:00Z,2022-01-14T05:30Z,254,260,high
2022-01-14T05:30Z,2022-01-14T06:00Z,262,272,high
2022-01-14T06:00Z,2022-01-14T06:30Z,271,294,high
2022-01-14T06:30Z,2022-01-14T07:00Z,283,308,high
2022-01-14T07:00Z,2022-01-14T07:30Z,294,313,very high
2022-01-14T07:30Z,2022-01-14T08:00Z,306,319,very high
2022-01-14T08:00Z,2022-01-14T08:30Z,312,311,very high
2022-01-14T08:30Z,2022-01-14T09:00Z,320,309,high
2022-01-14T09:00Z,2022-01-14T09:30Z,309,305,high
2022-01-14T09:30Z,2022-01-14T10:00Z,308,300,high
2022-01-14T10:00Z,2022-01-14T10:30Z,303,296,high
2022-01-14T10:30Z,2022-01-14T11:00Z,297,292,high
2022-01-14T11:00Z,2022-01-14T11:30Z,297,283,high
2022-01-14T11:30Z,2022-01-14T12:00Z,295,279,high
2022-01-14T12:00Z,2022-01-14T12:30Z,289,274,high
2022-01-14T12:30Z,2022-01-14T13:00Z,286,273,high
2022-01-14T13:00Z,2022-01-14T13:30Z,288,273,high
2022-01-14T13:30Z,2022-01-14T14:00Z,287,274,high
2022-01-14T14:00Z,2022-01-14T14:30Z,291,279,high
2022-01-14T14:30Z,2022-01-14T15:00Z,294,287,high
2022-01-14T15:00Z,2022-01-14T15:30Z,295,288,high
2022-01-14T15:30Z,2022-01-14T16:00Z,296,291,high
2022-01-14T16:00Z,2022-01-14T16:30Z,299,297,high
2022-01-14T16:30Z,2022-01-14T17:00Z,292,297,high
2022-01-14T17:00Z,2022-01-14T17:30Z,297,296,high
2022-01-14T17:30Z,2022-01-14T18:00Z,298,293,high
2022-01-14T18:00Z,2022-01-14T18:30Z,295,286,high
2022-01-14T18:30Z,2022-01-14T19:00Z,289,287,high
2022-01-14T19:00Z,2022-01-14T19:30Z,288,287,high
2022-01-14T19:30Z,2022-01-14T20:00Z,284,286,high
2022-01-14T20:00Z,2022-01-14T20:30Z,284,284,high
2022-01-14T20:30Z,2022-01-14T21:00Z,283,284,high
2022-01-14T21:00Z,2022-01-14T21:30Z,285,281,high
2022-01-14T21:30Z,2022-01-14T22:00Z,283,277,high
2022-01-14T22:00Z,2022-01-14T22:30Z,281,277,high
2022-01-14T22:30Z,2022-01-14T23:00Z,267,269,high
2022-01-14T23:00Z,2022-01-14T23:30Z,270,268,high
2022-01-14T23:30Z,2022-01-15T00:00Z,261,261,high
2022-01-15T00:00Z,2022-01-15T00:30Z,265,266,high
2022-01-15T00:30Z,2022-01-15T01:00Z,259,270,high
2022-01-15T01:00Z,2022-01-15T01:30Z,264,266,high
2022-01-15T01:30Z,2022-01-15T02:00Z,264,263,high
2022-01-15T02:00Z,2022-01-15T02:30Z,260,260,high
2022-01-15T02:30Z,2022-01-15T03:00Z,259,259,high
2022-01-15T03:00Z,2022-01-15T03:30Z,135,262,high
2022-01-15T03:30Z,2022-01-15T04:00Z,255,257,high
2022-01-15T04:00Z,2022-01-15T04:30Z,262,259,high
2022-01-15T04:30Z,2022-01-15T05:00Z,259,261,high
2022-01-15T05:00Z,2022-01-15T05:30Z,262,265,high
2022-01-15T05:30Z,2022-01-15T06:00Z,264,263,high
2022-01-15T06:00Z,2022-01-15T06:30Z,265,263,high
2022-01-15T06:30Z,2022-01-15T07:00Z,265,268,high
2022-01-15T07:00Z,2022-01-15T07:30Z,261,271,high
2022-01-15T07:30Z,2022-01-15T08:00Z,266,275,high
2022-01-15T08:00Z,2022-01-15T08:30Z,272,267,high
2022-01-15T08:30Z,2022-01-15T09:00Z,280,275,high
2022-01-15T09:00Z,2022-01-15T09:30Z,277,272,high
2022-01-15T09:30Z,2022-01-15T10:00Z,277,273,high
2022-01-15T10:00Z,2022-01-15T10:30Z,277,270,high
2022-01-15T10:30Z,2022-01-15T11:00Z,277,269,high
2022-01-15T11:00Z,2022-01-15T11:30Z,274,268,high
2022-01-15T11:30Z,2022-01-15T12:00Z,273,265,high
2022-01-15T12:00Z,2022-01-15T12:30Z,269,263,high
2022-01-15T12:30Z,2022-01-15T13:00Z,267,262,high
2022-01-15T13:00Z,2022-01-15T13:30Z,269,264,high
2022-01-15T13:30Z,2022-01-15T14:00Z,264,263,high
2022-01-15T14:00Z,2022-01-15T14:30Z,266,262,high
2022-01-15T14:30Z,2022-01-15T15:00Z,264,265,high
2022-01-15T15:00Z,2022-01-15T15:30Z,264,267,high
2022-01-15T15:30Z,2022-01-15T16:00Z,266,270,high
2022-01-15T16:00Z,2022-01-15T16:30Z,269,262,high
2022-01-15T16:30Z,2022-01-15T17:00Z,271,257,high
2022-01-15T17:00Z,2022-01-15T17:30Z,264,254,high
2022-01-15T17:30Z,2022-01-15T18:00Z,257,253,high
2022-01-15T18:00Z,2022-01-15T18:30Z,253,247,high
2022-01-15T18:30Z,2022-01-15T19:00Z,255,244,high
2022-01-15T19:00Z,2022-01-15T19:30Z,251,252,high
2022-01-15T19:30Z,2022-01-15T20:00Z,248,252,high
2022-01-15T20:00Z,2022-01-15T20:30Z,247,248,high
2022-01-15T20:30Z,2022-01-15T21:00Z,246,236,high
2022-01-15T21:00Z,2022-01-15T21:30Z,241,227,high
2022-01-15T21:30Z,2022-01-15T22:00Z,238,208,moderate
2022-01-15T22:00Z,2022-01-15T22:30Z,232,213,high
2022-01-15T22:30Z,2022-01-15T23:00Z,210,199,moderate
2022-01-15T23:00Z,2022-01-15T23:30Z,208,170,moderate
2022-01-15T23:30Z,2022-01-16T00:00Z,196,157,moderate
2022-01-16T00:00Z,2022-01-16T00:30Z,172,155,moderate
2022-01-16T00:30Z,2022-01-16T01:00Z,162,153,moderate
2022-01-16T01:00Z,2022-01-16T01:30Z,156,147,moderate
2022-01-16T01:30Z,2022-01-16T02:00Z,158,143,moderate
2022-01-16T02:00Z,2022-01-16T02:30Z,145,142,moderate
2022-01-16T02:30Z,2022-01-16T03:00Z,146,139,moderate
2022-01-16T03:00Z,2022-01-16T03:30Z,138,145,moderate
2022-01-16T03:30Z,2022-01-16T04:00Z,139,137,moderate
2022-01-16T04:00Z,2022-01-16T04:30Z,129,139,moderate
2022-01-16T04:30Z,2022-01-16T05:00Z,141,139,moderate
2022-01-16T05:00Z,2022-01-16T05:30Z,143,153,moderate
2022-01-16T05:30Z,2022-01-16T06:00Z,140,156,moderate
2022-01-16T06:00Z,2022-01-16T06:30Z,162,157,moderate
2022-01-16T06:30Z,2022-01-16T07:00Z,159,161,moderate
2022-01-16T07:00Z,2022-01-16T07:30Z,158,168,moderate
2022-01-16T07:30Z,2022-01-16T08:00Z,162,170,moderate
2022-01-16T08:00Z,2022-01-16T08:30Z,171,163,moderate
2022-01-16T08:30Z,2022-01-16T09:00Z,167,171,moderate
2022-01-16T09:00Z,2022-01-16T09:30Z,161,163,moderate
2022-01-16T09:30Z,2022-01-16T10:00Z,171,164,moderate
2022-01-16T10:00Z,2022-01-16T10:30Z,162,164,moderate
2022-01-16T10:30Z,2022-01-16T11:00Z,167,168,moderate
2022-01-16T11:00Z,2022-01-16T11:30Z,173,166,moderate
2022-01-16T11:30Z,2022-01-16T12:00Z,168,169,moderate
2022-01-16T12:00Z,2022-01-16T12:30Z,171,176,moderate
2022-01-16T12:30Z,2022-01-16T13:00Z,174,178,moderate
2022-01-16T13:00Z,2022-01-16T13:30Z,179,184,moderate
2022-01-16T13:30Z,2022-01-16T14:00Z,180,186,moderate
2022-01-16T14:00Z,2022-01-16T14:30Z,186,183,moderate
2022-01-16T14:30Z,2022-01-16T15:00Z,187,185,moderate
2022-01-16T15:00Z,2022-01-16T15:30Z,189,193,moderate
2022-01-16T15:30Z,2022-01-16T16:00Z,190,198,moderate
2022-01-16T16:00Z,2022-01-16T16:30Z,201,200,moderate
2022-01-16T16:30Z,2022-01-16T17:00Z,204,198,moderate
2022-01-16T17:00Z,2022-01-16T17:30Z,202,200,moderate
2022-01-16T17:30Z,2022-01-16T18:00Z,199,202,moderate
2022-01-16T18:00Z,2022-01-16T18:30Z,199,198,moderate
2022-01-16T18:30Z,2022-01-16T19:00Z,197,199,moderate
2022-01-16T19:00Z,2022-01-16T19:30Z,194,208,moderate
2022-01-16T19:30Z,2022-01-16T20:00Z,193,205,moderate
2022-01-16T20:00Z,2022-01-16T20:30Z,199,205,moderate
2022-01-16T20:30Z,2022-01-16T21:00Z,196,205,moderate
2022-01-16T21:00Z,2022-01-16T21:30Z,197,210,high
2022-01-16T21:30Z,2022-01-16T22:00Z,203,200,moderate
2022-01-16T22:00Z,2022-01-16T22:30Z,209,188,moderate
2022-01-16T22:30Z,2022-01-16T23:00Z,200,178,moderate
2022-01-16T23:00Z,2022-01-16T23:30Z,185,171,moderate
2022-01-16T23:30Z,2022-01-17T00:00Z,174,161,moderate
2022-01-17T00:00Z,2022-01-17T00:30Z,172,159,moderate
2022-01-17T00:30Z,2022-01-17T01:00Z,162,164,moderate
2022-01-17T01:00Z,2022-01-17T01:30Z,158,168,moderate
2022-01-17T01:30Z,2022-01-17T02:00Z,167,171,moderate
2022-01-17T02:00Z,2022-01-17T02:30Z,167,171,moderate
2022-01-17T02:30Z,2022-01-17T03:00Z,169,165,moderate
2022-01-17T03:00Z,2022-01-17T03:30Z,168,165,moderate
2022-01-17T03:30Z,2022-01-17T04:00Z,166,162,moderate
2022-01-17T04:00Z,2022-01-17T04:30Z,167,165,moderate
2022-01-17T04:30Z,2022-01-17T05:00Z,165,172,moderate
2022-01-17T05:00Z,2022-01-17T05:30Z,166,176,moderate
2022-01-17T05:30Z,2022-01-17T06:00Z,177,193,moderate
2022-01-17T06:00Z,2022-01-17T06:30Z,187,212,high
2022-01-17T06:30Z,2022-01-17T07:00Z,208,224,high
2022-01-17T07:00Z,2022-01-17T07:30Z,232,242,high
2022-01-17T07:30Z,2022-01-17T08:00Z,244,253,high
2022-01-17T08:00Z,2022-01-17T08:30Z,251,255,high
2022-01-17T08:30Z,2022-01-17T09:00Z,256,258,high
2022-01-17T09:00Z,2022-01-17T09:30Z,258,265,high
2022-01-17T09:30Z,2022-01-17T10:00Z,260,265,high
2022-01-17T10:00Z,2022-01-17T10:30Z,266,263,high
2022-01-17T10:30Z,2022-01-17T11:00Z,265,259,high
2022-01-17T11:00Z,2022-01-17T11:30Z,266,248,high
2022-01-17T11:30Z,2022-01-17T12:00Z,269,246,high
2022-01-17T12:00Z,2022-01-17T12:30Z,271,247,high
2022-01-17T12:30Z,2022-01-17T13:00Z,274,250,high
2022-01-17T13:00Z,2022-01-17T13:30Z,276,257,high
2022-01-17T13:30Z,2022-01-17T14:00Z,278,264,high
2022-01-17T14:00Z,2022-01-17T14:30Z,281,265,high
2022-01-17T14:30Z,2022-01-17T15:00Z,285,271,high
2022-01-17T15:00Z,2022-01-17T15:30Z,290,262,high
2022-01-17T15:30Z,2022-01-17T16:00Z,294,269,high
2022-01-17T16:00Z,2022-01-17T16:30Z,296,278,high
2022-01-17T16:30Z,2022-01-17T17:00Z,293,283,high
2022-01-17T17:00Z,2022-01-17T17:30Z,272,281,high
2022-01-17T17:30Z,2022-01-17T18:00Z,278,284,high
2022-01-17T18:00Z,2022-01-17T18:30Z,276,283,high
2022-01-17T18:30Z,2022-01-17T19:00Z,287,277,high
2022-01-17T19:00Z,2022-01-17T19:30Z,287,275,high
2022-01-17T19:30Z,2022-01-17T20:00Z,278,279,high
2022-01-17T20:00Z,2022-01-17T20:30Z,278,281,high
2022-01-17T20:30Z,2022-01-17T21:00Z,278,275,high
2022-01-17T21:00Z,2022-01-17T21:30Z,281,269,high
2022-01-17T21:30Z,2022-01-17T22:00Z,271,265,high
2022-01-17T22:00Z,2022-01-17T22:30Z,264,270,high
2022-01-17T22:30Z,2022-01-17T23:00Z,255,266,high
2022-01-17T23:00Z,2022-01-17T23:30Z,263,263,high
2022-01-17T23:30Z,2022-01-18T00:00Z,263,258,high
2022-01-18T00:00Z,2022-01-18T00:30Z,261,252,high
2022-01-18T00:30Z,2022-01-18T01:00Z,258,252,high
2022-01-18T01:00Z,2022-01-18T01:30Z,250,250,high
2022-01-18T01:30Z,2022-01-18T02:00Z,246,244,high
2022-01-18T02:00Z,2022-01-18T02:30Z,249,249,high
2022-01-18T02:30Z,2022-01-18T03:00Z,239,248,high
2022-01-18T03:00Z,2022-01-18T03:30Z,243,248,high
2022-01-18T03:30Z,2022-01-18T04:00Z,243,246,high
2022-01-18T04:00Z,2022-01-18T04:30Z,246,246,high
2022-01-18T04:30Z,2022-01-18T05:00Z,241,251,high
2022-01-18T05:00Z,2022-01-18T05:30Z,247,253,high
2022-01-18T05:30Z,2022-01-18T06:00Z,251,258,high
2022-01-18T06:00Z,2022-01-18T06:30Z,261,265,high
2022-01-18T06:30Z,2022-01-18T07:00Z,268,266,high
2022-01-18T07:00Z,2022-01-18T07:30Z,270,264,high
2022-01-18T07:30Z,2022-01-18T08:00Z,267,265,high
2022-01-18T08:00Z,2022-01-18T08:30Z,265,262,high
2022-01-18T08:30Z,2022-01-18T09:00Z,261,258,high
2022-01-18T09:00Z,2022-01-18T09:30Z,260,252,high
2022-01-18T09:30Z,2022-01-18T10:00Z,256,245,high
2022-01-18T10:00Z,2022-01-18T10:30Z,233,244,high
2022-01-18T10:30Z,2022-01-18T11:00Z,242,241,high
2022-01-18T11:00Z,2022-01-18T11:30Z,241,233,high
2022-01-18T11:30Z,2022-01-18T12:00Z,237,235,high
2022-01-18T12:00Z,2022-01-18T12:30Z,237,237,high
2022-01-18T12:30Z,2022-01-18T13:00Z,236,231,high
2022-01-18T13:00Z,2022-01-18T13:30Z,237,230,high
2022-01-18T13:30Z,2022-01-18T14:00Z,237,232,high
2022-01-18T14:00Z,2022-01-18T14:30Z,231,236,high
2022-01-18T14:30Z,2022-01-18T15:00Z,233,238,high
2022-01-18T15:00Z,2022-01-18T15:30Z,234,248,high
2022-01-18T15:30Z,2022-01-18T16:00Z,238,247,high
2022-01-18T16:00Z,2022-01-18T16:30Z,245,242,high
2022-01-18T16:30Z,2022-01-18T17:00Z,243,238,high
2022-01-18T17:00Z,2022-01-18T17:30Z,239,238,high
2022-01-18T17:30Z,2022-01-18T18:00Z,236,234,high
2022-01-18T18:00Z,2022-01-18T18:30Z,235,231,high
2022-01-18T18:30Z,2022-01-18T19:00Z,232,233,high
2022-01-18T19:00Z,2022-01-18T19:30Z,233,235,high
2022-01-18T19:30Z,2022-01-18T20:00Z,224,231,high
2022-01-18T20:00Z,2022-01-18T20:30Z,225,224,high
2022-01-18T20:30Z,2022-01-18T21:00Z,220,220,high
2022-01-18T21:00Z,2022-01-18T21:30Z,216,214,high
2022-01-18T21:30Z,2022-01-18T22:00Z,205,203,moderate
2022-01-18T22:00Z,2022-01-18T22:30Z,202,194,moderate
2022-01-18T22:30Z,2022-01-18T23:00Z,194,176,moderate
2022-01-18T23:00Z,2022-01-18T23:30Z,180,158,moderate
2022-01-18T23:30Z,2022-01-19T00:00Z,170,145,moderate
2022-01-19T00:00Z,2022-01-19T00:30Z,159,143,moderate
2022-01-19T00:30Z,2022-01-19T01:00Z,146,143,moderate
2022-01-19T01:00Z,2022-01-19T01:30Z,142,143,moderate
2022-01-19T01:30Z,2022-01-19T02:00Z,142,135,moderate
2022-01-19T02:00Z,2022-01-19T02:30Z,139,131,moderate
2022-01-19T02:30Z,2022-01-19T03:00Z,129,126,low
2022-01-19T03:00Z,2022-01-19T03:30Z,123,126,low
2022-01-19T03:30Z,2022-01-19T04:00Z,116,121,low
2022-01-19T04:00Z,2022-01-19T04:30Z,116,124,low
2022-01-19T04:30Z,2022-01-19T05:00Z,116,123,low
2022-01-19T05:00Z,2022-01-19T05:30Z,118,128,low
2022-01-19T05:30Z,2022-01-19T06:00Z,123,133,moderate
2022-01-19T06:00Z,2022-01-19T06:30Z,145,150,moderate
2022-01-19T06:30Z,2022-01-19T07:00Z,154,168,moderate
2022-01-19T07:00Z,2022-01-19T07:30Z,164,183,moderate
2022-01-19T07:30Z,2022-01-19T08:00Z,174,192,moderate
2022-01-19T08:00Z,2022-01-19T08:30Z,187,193,moderate
2022-01-19T08:30Z,2022-01-19T09:00Z,190,190,moderate
2022-01-19T09:00Z,2022-01-19T09:30Z,191,187,moderate
2022-01-19T09:30Z,2022-01-19T10:00Z,185,185,moderate
2022-01-19T10:00Z,2022-01-19T10:30Z,180,180,moderate
2022-01-19T10:30Z,2022-01-19T11:00Z,178,178,moderate
2022-01-19T11:00Z,2022-01-19T11:30Z,178,174,moderate
2022-01-19T11:30Z,2022-01-19T12:00Z,177,169,moderate
2022-01-19T12:00Z,2022-01-19T12:30Z,172,170,moderate
2022-01-19T12:30Z,2022-01-19T13:00Z,169,171,moderate
2022-01-19T13:00Z,2022-01-19T13:30Z,168,168,moderate
2022-01-19T13:30Z,2022-01-19T14:00Z,173,166,moderate
2022-01-19T14:00Z,2022-01-19T14:30Z,169,170,moderate
2022-01-19T14:30Z,2022-01-19T15:00Z,172,176,moderate
2022-01-19T15:00Z,2022-01-19T15:30Z,174,184,moderate
2022-01-19T15:30Z,2022-01-19T16:00Z,182,192,moderate
2022-01-19T16:00Z,2022-01-19T16:30Z,187,198,moderate
2022-01-19T16:30Z,2022-01-19T17:00Z,200,200,moderate
2022-01-19T17:00Z,2022-01-19T17:30Z,201,189,moderate
2022-01-19T17:30Z,2022-01-19T18:00Z,194,188,moderate
2022-01-19T18:00Z,2022-01-19T18:30Z,192,191,moderate
2022-01-19T18:30Z,2022-01-19T19:00Z,182,195,moderate
2022-01-19T19:00Z,2022-01-19T19:30Z,187,203,moderate
2022-01-19T19:30Z,2022-01-19T20:00Z,188,198,moderate
2022-01-19T20:00Z,2022-01-19T20:30Z,192,194,moderate
2022-01-19T20:30Z,2022-01-19T21:00Z,187,188,moderate
2022-01-19T21:00Z,2022-01-19T21:30Z,185,177,moderate
2022-01-19T21:30Z,2022-01-19T22:00Z,175,166,moderate
2022-01-19T22:00Z,2022-01-19T22:30Z,172,163,moderate
2022-01-19T22:30Z,2022-01-19T23:00Z,163,154,moderate
2022-01-19T23:00Z,2022-01-19T23:30Z,156,144,moderate
2022-01-19T23:30Z,2022-01-20T00:00Z,154,139,moderate
2022-01-20T00:00Z,2022-01-20T00:30Z,140,136,moderate
2022-01-20T00:30Z,2022-01-20T01:00Z,143,141,moderate
2022-01-20T01:00Z,2022-01-20T01:30Z,135,139,moderate
2022-01-20T01:30Z,2022-01-20T02:00Z,142,138,moderate
2022-01-20T02:00Z,2022-01-20T02:30Z,140,138,moderate
2022-01-20T02:30Z,2022-01-20T03:00Z,144,139,moderate
2022-01-20T03:00Z,2022-01-20T03:30Z,143,143,moderate
2022-01-20T03:30Z,2022-01-20T04:00Z,144,144,moderate
2022-01-20T04:00Z,2022-01-20T04:30Z,152,148,moderate
2022-01-20T04:30Z,2022-01-20T05:00Z,147,150,moderate
2022-01-20T05:00Z,2022-01-20T05:30Z,148,151,moderate
2022-01-20T05:30Z,2022-01-20T06:00Z,163,160,moderate
2022-01-20T06:00Z,2022-01-20T06:30Z,166,183,moderate
2022-01-20T06:30Z,2022-01-20T07:00Z,181,209,moderate
2022-01-20T07:00Z,2022-01-20T07:30Z,208,231,high
2022-01-20T07:30Z,2022-01-20T08:00Z,210,244,high
2022-01-20T08:00Z,2022-01-20T08:30Z,231,243,high
2022-01-20T08:30Z,2022-01-20T09:00Z,248,241,high
2022-01-20T09:00Z,2022-01-20T09:30Z,251,243,high
2022-01-20T09:30Z,2022-01-20T10:00Z,247,242,high
2022-01-20T10:00Z,2022-01-20T10:30Z,251,239,high
2022-01-20T10:30Z,2022-01-20T11:00Z,250,237,high
2022-01-20T11:00Z,2022-01-20T11:30Z,244,229,high
2022-01-20T11:30Z,2022-01-20T12:00Z,224,228,high
2022-01-20T12:00Z,2022-01-20T12:30Z,226,228,high
2022-01-20T12:30Z,2022-01-20T13:00Z,224,227,high
2022-01-20T13:00Z,2022-01-20T13:30Z,227,227,high
2022-01-20T13:30Z,2022-01-20T14:00Z,225,231,high
2022-01-20T14:00Z,2022-01-20T14:30Z,233,237,high
2022-01-20T14:30Z,2022-01-20T15:00Z,239,244,high
2022-01-20T15:00Z,2022-01-20T15:30Z,242,249,high
2022-01-20T15:30Z,2022-01-20T16:00Z,245,255,high
2022-01-20T16:00Z,2022-01-20T16:30Z,255,252,high
2022-01-20T16:30Z,2022-01-20T17:00Z,255,248,high
2022-01-20T17:00Z,2022-01-20T17:30Z,251,252,high
2022-01-20T17:30Z,2022-01-20T18:00Z,241,253,high
2022-01-20T18:00Z,2022-01-20T18:30Z,241,253,high
2022-01-20T18:30Z,2022-01-20T19:00Z,244,255,high
2022-01-20T19:00Z,2022-01-20T19:30Z,247,253,high
2022-01-20T19:30Z,2022-01-20T20:00Z,243,255,high
2022-01-20T20:00Z,2022-01-20T20:30Z,235,258,high
2022-01-20T20:30Z,2022-01-20T21:00Z,252,252,high
2022-01-20T21:00Z,2022-01-20T21:30Z,230,247,high
2022-01-20T21:30Z,2022-01-20T22:00Z,222,235,high
2022-01-20T22:00Z,2022-01-20T22:30Z,221,222,high
2022-01-20T22:30Z,2022-01-20T23:00Z,220,214,high
2022-01-20T23:00Z,2022-01-20T23:30Z,211,208,moderate
2022-01-20T23:30Z,2022-01-21T00:00Z,204,208,moderate
2022-01-21T00:00Z,2022-01-21T00:30Z,207,206,moderate
2022-01-21T00:30Z,2022-01-21T01:00Z,204,205,moderate
2022-01-21T01:00Z,2022-01-21T01:30Z,200,203,moderate
2022-01-21T01:30Z,2022-01-21T02:00Z,198,201,moderate
2022-01-21T02:00Z,2022-01-21T02:30Z,197,201,moderate
2022-01-21T02:30Z,2022-01-21T03:00Z,197,199,moderate
2022-01-21T03:00Z,2022-01-21T03:30Z,197,200,moderate
2022-01-21T03:30Z,2022-01-21T04:00Z,196,199,moderate
2022-01-21T04:00Z,2022-01-21T04:30Z,195,199,moderate
2022-01-21T04:30Z,2022-01-21T05:00Z,195,199,moderate
2022-01-21T05:00Z,2022-01-21T05:30Z,194,203,moderate
2022-01-21T05:30Z,2022-01-21T06:00Z,203,209,moderate
2022-01-21T06:00Z,2022-01-21T06:30Z,209,219,high
2022-01-21T06:30Z,2022-01-21T07:00Z,214,234,high
2022-01-21T07:00Z,2022-01-21T07:30Z,231,239,high
2022-01-21T07:30Z,2022-01-21T08:00Z,236,247,high
2022-01-21T08:00Z,2022-01-21T08:30Z,239,246,high
2022-01-21T08:30Z,2022-01-21T09:00Z,247,243,high
2022-01-21T09:00Z,2022-01-21T09:30Z,246,242,high
2022-01-21T09:30Z,2022-01-21T10:00Z,239,244,high
2022-01-21T10:00Z,2022-01-21T10:30Z,236,245,high
2022-01-21T10:30Z,2022-01-21T11:00Z,239,240,high
2022-01-21T11:00Z,2022-01-21T11:30Z,241,243,high
2022-01-21T11:30Z,2022-01-21T12:00Z,237,248,high
2022-01-21T12:00Z,2022-01-21T12:30Z,235,248,high
2022-01-21T12:30Z,2022-01-21T13:00Z,232,247,high
2022-01-21T13:00Z,2022-01-21T13:30Z,231,245,high
2022-01-21T13:30Z,2022-01-21T14:00Z,230,241,high
2022-01-21T14:00Z,2022-01-21T14:30Z,231,233,high
2022-01-21T14:30Z,2022-01-21T15:00Z,232,234,high
2022-01-21T15:00Z,2022-01-21T15:30Z,234,236,high
2022-01-21T15:30Z,2022-01-21T16:00Z,236,245,high
2022-01-21T16:00Z,2022-01-21T16:30Z,239,247,high
2022-01-21T16:30Z,2022-01-21T17:00Z,242,247,high
2022-01-21T17:00Z,2022-01-21T17:30Z,244,248,high
2022-01-21T17:30Z,2022-01-21T18:00Z,244,251,high
2022-01-21T18:00Z,2022-01-21T18:30Z,250,250,high
2022-01-21T18:30Z,2022-01-21T19:00Z,240,252,high
2022-01-21T19:00Z,2022-01-21T19:30Z,253,251,high
2022-01-21T19:30Z,2022-01-21T20:00Z,247,247,high
2022-01-21T20:00Z,2022-01-21T20:30Z,247,238,high
2022-01-21T20:30Z,2022-01-21T21:00Z,239,229,high
2022-01-21T21:00Z,2022-01-21T21:30Z,227,220,high
2022-01-21T21:30Z,2022-01-21T22:00Z,223,206,moderate
2022-01-21T22:00Z,2022-01-21T22:30Z,210,203,moderate
2022-01-21T22:30Z,2022-01-21T23:00Z,194,194,moderate
2022-01-21T23:00Z,2022-01-21T23:30Z,191,181,moderate
2022-01-21T23:30Z,2022-01-22T00:00Z,188,177,moderate
2022-01-22T00:00Z,2022-01-22T00:30Z,180,176,moderate
2022-01-22T00:30Z,2022-01-22T01:00Z,176,181,moderate
2022-01-22T01:00Z,2022-01-22T01:30Z,170,181,moderate
2022-01-22T01:30Z,2022-01-22T02:00Z,171,179,moderate
2022-01-22T02:00Z,2022-01-22T02:30Z,176,175,moderate
2022-01-22T02:30Z,2022-01-22T03:00Z,172,172,moderate
2022-01-22T03:00Z,2022-01-22T03:30Z,169,172,moderate
2022-01-22T03:30Z,2022-01-22T04:00Z,167,177,moderate
2022-01-22T04:00Z,2022-01-22T04:30Z,171,179,moderate
2022-01-22T04:30Z,2022-01-22T05:00Z,177,176,moderate
2022-01-22T05:00Z,2022-01-22T05:30Z,178,179,moderate
2022-01-22T05:30Z,2022-01-22T06:00Z,183,182,moderate
2022-01-22T06:00Z,2022-01-22T06:30Z,181,188,moderate
2022-01-22T06:30Z,2022-01-22T07:00Z,184,194,moderate
2022-01-22T07:00Z,2022-01-22T07:30Z,193,202,moderate
2022-01-22T07:30Z,2022-01-22T08:00Z,193,211,high
2022-01-22T08:00Z,2022-01-22T08:30Z,208,210,high
2022-01-22T08:30Z,2022-01-22T09:00Z,214,215,high
2022-01-22T09:00Z,2022-01-22T09:30Z,207,208,moderate
2022-01-22T09:30Z,2022-01-22T10:00Z,211,208,moderate
2022-01-22T10:00Z,2022-01-22T10:30Z,201,200,moderate
2022-01-22T10:30Z,2022-01-22T11:00Z,204,199,moderate
2022-01-22T11:00Z,2022-01-22T11:30Z,195,194,moderate
2022-01-22T11:30Z,2022-01-22T12:00Z,195,192,moderate
2022-01-22T12:00Z,2022-01-22T12:30Z,193,195,moderate
2022-01-22T12:30Z,2022-01-22T13:00Z,193,197,moderate
2022-01-22T13:00Z,2022-01-22T13:30Z,195,198,moderate
2022-01-22T13:30Z,2022-01-22T14:00Z,200,202,moderate
2022-01-22T14:00Z,2022-01-22T14:30Z,202,207,moderate
2022-01-22T14:30Z,2022-01-22T15:00Z,207,215,high
2022-01-22T15:00Z,2022-01-22T15:30Z,211,226,high
2022-01-22T15:30Z,2022-01-22T16:00Z,226,235,high
2022-01-22T16:00Z,2022-01-22T16:30Z,231,242,high
2022-01-22T16:30Z,2022-01-22T17:00Z,236,244,high
2022-01-22T17:00Z,2022-01-22T17:30Z,246,241,high
2022-01-22T17:30Z,2022-01-22T18:00Z,247,242,high
2022-01-22T18:00Z,2022-01-22T18:30Z,243,242,high
2022-01-22T18:30Z,2022-01-22T19:00Z,243,245,high
2022-01-22T19:00Z,2022-01-22T19:30Z,246,250,high
2022-01-22T19:30Z,2022-01-22T20:00Z,246,251,high
2022-01-22T20:00Z,2022-01-22T20:30Z,244,251,high
2022-01-22T20:30Z,2022-01-22T21:00Z,240,247,high
2022-01-22T21:00Z,2022-01-22T21:30Z,247,238,high
2022-01-22T21:30Z,2022-01-22T22:00Z,241,229,high
2022-01-22T22:00Z,2022-01-22T22:30Z,234,222,high
2022-01-22T22:30Z,2022-01-22T23:00Z,222,215,high
2022-01-22T23:00Z,2022-01-22T23:30Z,219,204,moderate
2022-01-22T23:30Z,2022-01-23T00:00Z,212,200,moderate
2022-01-23T00:00Z,2022-01-23T00:30Z,204,200,moderate
2022-01-23T00:30Z,2022-01-23T01:00Z,202,203,moderate
2022-01-23T01:00Z,2022-01-23T01:30Z,198,199,moderate
2022-01-23T01:30Z,2022-01-23T02:00Z,207,197,moderate
2022-01-23T02:00Z,2022-01-23T02:30Z,200,197,moderate
2022-01-23T02:30Z,2022-01-23T03:00Z,195,196,moderate
2022-01-23T03:00Z,2022-01-23T03:30Z,199,195,moderate
2022-01-23T03:30Z,2022-01-23T04:00Z,199,192,moderate
2022-01-23T04:00Z,2022-01-23T04:30Z,201,194,moderate
2022-01-23T04:30Z,2022-01-23T05:00Z,198,192,moderate
2022-01-23T05:00Z,2022-01-23T05:30Z,196,187,moderate
2022-01-23T05:30Z,2022-01-23T06:00Z,193,186,moderate
2022-01-23T06:00Z,2022-01-23T06:30Z,188,189,moderate
2022-01-23T06:30Z,2022-01-23T07:00Z,178,192,moderate
2022-01-23T07:00Z,2022-01-23T07:30Z,189,193,moderate
2022-01-23T07:30Z,2022-01-23T08:00Z,188,202,moderate
2022-01-23T08:00Z,2022-01-23T08:30Z,199,210,high
2022-01-23T08:30Z,2022-01-23T09:00Z,208,219,high
2022-01-23T09:00Z,2022-01-23T09:30Z,205,222,high
2022-01-23T09:30Z,2022-01-23T10:00Z,220,230,high
2022-01-23T10:00Z,2022-01-23T10:30Z,221,229,high
2022-01-23T10:30Z,2022-01-23T11:00Z,228,230,high
2022-01-23T11:00Z,2022-01-23T11:30Z,227,228,high
2022-01-23T11:30Z,2022-01-23T12:00Z,228,229,high
2022-01-23T12:00Z,2022-01-23T12:30Z,230,232,high
2022-01-23T12:30Z,2022-01-23T13:00Z,233,232,high
2022-01-23T13:00Z,2022-01-23T13:30Z,235,235,high
2022-01-23T13:30Z,2022-01-23T14:00Z,232,232,high
2022-01-23T14:00Z,2022-01-23T14:30Z,234,231,high
2022-01-23T14:30Z,2022-01-23T15:00Z,236,232,high
2022-01-23T15:00Z,2022-01-23T15:30Z,235,237,high
2022-01-23T15:30Z,2022-01-23T16:00Z,234,241,high
2022-01-23T16:00Z,2022-01-23T16:30Z,238,245,high
2022-01-23T16:30Z,2022-01-23T17:00Z,242,243,high
2022-01-23T17:00Z,2022-01-23T17:30Z,244,240,high
2022-01-23T17:30Z,2022-01-23T18:00Z,242,242,high
2022-01-23T18:00Z,2022-01-23T18:30Z,237,242,high
2022-01-23T18:30Z,2022-01-23T19:00Z,241,241,high
2022-01-23T19:00Z,2022-01-23T19:30Z,241,250,high
2022-01-23T19:30Z,2022-01-23T20:00Z,241,248,high
2022-01-23T20:00Z,2022-01-23T20:30Z,240,244,high
2022-01-23T20:30Z,2022-01-23T21:00Z,238,239,high
2022-01-23T21:00Z,2022-01-23T21:30Z,240,229,high
2022-01-23T21:30Z,2022-01-23T22:00Z,235,217,high
2022-01-23T22:00Z,2022-01-23T22:30Z,222,217,high
2022-01-23T22:30Z,2022-01-23T23:00Z,208,208,moderate
2022-01-23T23:00Z,2022-01-23T23:30Z,211,203,moderate
2022-01-23T23:30Z,2022-01-24T00:00Z,204,197,moderate
2022-01-24T00:00Z,2022-01-24T00:30Z,198,196,moderate
2022-01-24T00:30Z,2022-01-24T01:00Z,198,201,moderate
2022-01-24T01:00Z,2022-01-24T01:30Z,198,200,moderate
2022-01-24T01:30Z,2022-01-24T02:00Z,199,198,moderate
2022-01-24T02:00Z,2022-01-24T02:30Z,201,202,moderate
2022-01-24T02:30Z,2022-01-24T03:00Z,198,203,moderate
2022-01-24T03:00Z,2022-01-24T03:30Z,200,204,moderate
2022-01-24T03:30Z,2022-01-24T04:00Z,206,205,moderate
2022-01-24T04:00Z,2022-01-24T04:30Z,208,210,high
2022-01-24T04:30Z,2022-01-24T05:00Z,205,213,high
2022-01-24T05:00Z,2022-01-24T05:30Z,212,223,high
2022-01-24T05:30Z,2022-01-24T06:00Z,218,240,high
2022-01-24T06:00Z,2022-01-24T06:30Z,238,263,high
2022-01-24T06:30Z,2022-01-24T07:00Z,250,280,high
2022-01-24T07:00Z,2022-01-24T07:30Z,263,287,high
2022-01-24T07:30Z,2022-01-24T08:00Z,281,288,high
2022-01-24T08:00Z,2022-01-24T08:30Z,288,286,high
2022-01-24T08:30Z,2022-01-24T09:00Z,286,286,high
2022-01-24T09:00Z,2022-01-24T09:30Z,283,279,high
2022-01-24T09:30Z,2022-01-24T10:00Z,283,283,high
2022-01-24T10:00Z,2022-01-24T10:30Z,275,285,high
2022-01-24T10:30Z,2022-01-24T11:00Z,279,285,high
2022-01-24T11:00Z,2022-01-24T11:30Z,280,287,high
2022-01-24T11:30Z,2022-01-24T12:00Z,277,288,high
2022-01-24T12:00Z,2022-01-24T12:30Z,278,286,high
2022-01-24T12:30Z,2022-01-24T13:00Z,281,287,high
2022-01-24T13:00Z,2022-01-24T13:30Z,282,291,high
2022-01-24T13:30Z,2022-01-24T14:00Z,283,293,high
2022-01-24T14:00Z,2022-01-24T14:30Z,283,299,high
2022-01-24T14:30Z,2022-01-24T15:00Z,284,302,high
2022-01-24T15:00Z,2022-01-24T15:30Z,294,300,high
2022-01-24T15:30Z,2022-01-24T16:00Z,290,303,high
2022-01-24T16:00Z,2022-01-24T16:30Z,293,303,high
2022-01-24T16:30Z,2022-01-24T17:00Z,297,306,high
2022-01-24T17:00Z,2022-01-24T17:30Z,297,309,high
2022-01-24T17:30Z,2022-01-24T18:00Z,299,309,high
2022-01-24T18:00Z,2022-01-24T18:30Z,303,309,high
2022-01-24T18:30Z,2022-01-24T19:00Z,303,305,high
2022-01-24T19:00Z,2022-01-24T19:30Z,302,302,high
2022-01-24T19:30Z,2022-01-24T20:00Z,298,298,high
2022-01-24T20:00Z,2022-01-24T20:30Z,298,301,high
2022-01-24T20:30Z,2022-01-24T21:00Z,292,302,high
2022-01-24T21:00Z,2022-01-24T21:30Z,296,299,high
2022-01-24T21:30Z,2022-01-24T22:00Z,296,294,high
2022-01-24T22:00Z,2022-01-24T22:30Z,293,296,high
2022-01-24T22:30Z,2022-01-24T23:00Z,284,290,high
2022-01-24T23:00Z,2022-01-24T23:30Z,288,299,high
2022-01-24T23:30Z,2022-01-25T00:00Z,288,297,high
2022-01-25T00:00Z,2022-01-25T00:30Z,299,294,high
2022-01-25T00:30Z,2022-01-25T01:00Z,299,294,high
2022-01-25T01:00Z,2022-01-25T01:30Z,291,293,high
2022-01-25T01:30Z,2022-01-25T02:00Z,291,293,high
2022-01-25T02:00Z,2022-01-25T02:30Z,292,291,high
2022-01-25T02:30Z,2022-01-25T03:00Z,292,290,high
2022-01-25T03:00Z,2022-01-25T03:30Z,291,290,high
2022-01-25T03:30Z,2022-01-25T04:00Z,289,289,high
2022-01-25T04:00Z,2022-01-25T04:30Z,286,290,high
2022-01-25T04:30Z,2022-01-25T05:00Z,288,288,high
2022-01-25T05:00Z,2022-01-25T05:30Z,294,289,high
2022-01-25T05:30Z,2022-01-25T06:00Z,293,295,high
2022-01-25T06:00Z,2022-01-25T06:30Z,306,300,high
2022-01-25T06:30Z,2022-01-25T07:00Z,313,303,high
2022-01-25T07:00Z,2022-01-25T07:30Z,304,299,high
2022-01-25T07:30Z,2022-01-25T08:00Z,301,293,high
2022-01-25T08:00Z,2022-01-25T08:30Z,298,291,high
2022-01-25T08:30Z,2022-01-25T09:00Z,291,292,high
2022-01-25T09:00Z,2022-01-25T09:30Z,286,284,high
2022-01-25T09:30Z,2022-01-25T10:00Z,291,287,high
2022-01-25T10:00Z,2022-01-25T10:30Z,283,291,high
2022-01-25T10:30Z,2022-01-25T11:00Z,286,287,high
2022-01-25T11:00Z,2022-01-25T11:30Z,283,288,high
2022-01-25T11:30Z,2022-01-25T12:00Z,283,288,high
2022-01-25T12:00Z,2022-01-25T12:30Z,288,285,high
2022-01-25T12:30Z,2022-01-25T13:00Z,287,286,high
2022-01-25T13:00Z,2022-01-25T13:30Z,285,286,high
2022-01-25T13:30Z,2022-01-25T14:00Z,284,286,high
2022-01-25T14:00Z,2022-01-25T14:30Z,284,290,high
2022-01-25T14:30Z,2022-01-25T15:00Z,286,290,high
2022-01-25T15:00Z,2022-01-25T15:30Z,283,294,high
2022-01-25T15:30Z,2022-01-25T16:00Z,283,294,high
2022-01-25T16:00Z,2022-01-25T16:30Z,282,287,high
2022-01-25T16:30Z,2022-01-25T17:00Z,284,284,high
2022-01-25T17:00Z,2022-01-25T17:30Z,287,281,high
2022-01-25T17:30Z,2022-01-25T18:00Z,284,282,high
2022-01-25T18:00Z,2022-01-25T18:30Z,278,280,high
2022-01-25T18:30Z,2022-01-25T19:00Z,286,281,high
2022-01-25T19:00Z,2022-01-25T19:30Z,283,277,high
2022-01-25T19:30Z,2022-01-25T20:00Z,279,271,high
2022-01-25T20:00Z,2022-01-25T20:30Z,277,270,high
2022-01-25T20:30Z,2022-01-25T21:00Z,269,271,high
2022-01-25T21:00Z,2022-01-25T21:30Z,260,275,high
2022-01-25T21:30Z,2022-01-25T22:00Z,248,264,high
2022-01-25T22:00Z,2022-01-25T22:30Z,181,255,high
2022-01-25T22:30Z,2022-01-25T23:00Z,241,245,high
2022-01-25T23:00Z,2022-01-25T23:30Z,231,230,high
2022-01-25T23:30Z,2022-01-26T00:00Z,215,224,high
2022-01-26T00:00Z,2022-01-26T00:30Z,207,224,high
2022-01-26T00:30Z,2022-01-26T01:00Z,208,228,high
2022-01-26T01:00Z,2022-01-26T01:30Z,226,225,high
2022-01-26T01:30Z,2022-01-26T02:00Z,209,221,high
2022-01-26T02:00Z,2022-01-26T02:30Z,209,217,high
2022-01-26T02:30Z,2022-01-26T03:00Z,213,213,high
2022-01-26T03:00Z,2022-01-26T03:30Z,198,208,moderate
2022-01-26T03:30Z,2022-01-26T04:00Z,211,207,moderate
2022-01-26T04:00Z,2022-01-26T04:30Z,212,208,moderate
2022-01-26T04:30Z,2022-01-26T05:00Z,211,206,moderate
2022-01-26T05:00Z,2022-01-26T05:30Z,215,212,high
2022-01-26T05:30Z,2022-01-26T06:00Z,221,219,high
2022-01-26T06:00Z,2022-01-26T06:30Z,228,228,high
2022-01-26T06:30Z,2022-01-26T07:00Z,231,241,high
2022-01-26T07:00Z,2022-01-26T07:30Z,237,248,high
2022-01-26T07:30Z,2022-01-26T08:00Z,254,251,high
2022-01-26T08:00Z,2022-01-26T08:30Z,236,248,high
2022-01-26T08:30Z,2022-01-26T09:00Z,245,242,high
2022-01-26T09:00Z,2022-01-26T09:30Z,242,239,high
2022-01-26T09:30Z,2022-01-26T10:00Z,238,235,high
2022-01-26T10:00Z,2022-01-26T10:30Z,230,235,high
2022-01-26T10:30Z,2022-01-26T11:00Z,215,229,high
2022-01-26T11:00Z,2022-01-26T11:30Z,213,218,high
2022-01-26T11:30Z,2022-01-26T12:00Z,216,210,high
2022-01-26T12:00Z,2022-01-26T12:30Z,217,207,moderate
2022-01-26T12:30Z,2022-01-26T13:00Z,211,200,moderate
2022-01-26T13:00Z,2022-01-26T13:30Z,208,194,moderate
2022-01-26T13:30Z,2022-01-26T14:00Z,203,194,moderate
2022-01-26T14:00Z,2022-01-26T14:30Z,200,197,moderate
2022-01-26T14:30Z,2022-01-26T15:00Z,196,199,moderate
2022-01-26T15:00Z,2022-01-26T15:30Z,201,199,moderate
2022-01-26T15:30Z,2022-01-26T16:00Z,204,202,moderate
2022-01-26T16:00Z,2022-01-26T16:30Z,206,202,moderate
2022-01-26T16:30Z,2022-01-26T17:00Z,205,203,moderate
2022-01-26T17:00Z,2022-01-26T17:30Z,195,198,moderate
2022-01-26T17:30Z,2022-01-26T18:00Z,189,198,moderate
2022-01-26T18:00Z,2022-01-26T18:30Z,188,196,moderate
2022-01-26T18:30Z,2022-01-26T19:00Z,185,195,moderate
2022-01-26T19:00Z,2022-01-26T19:30Z,178,188,moderate
2022-01-26T19:30Z,2022-01-26T20:00Z,174,181,moderate
2022-01-26T20:00Z,2022-01-26T20:30Z,165,174,moderate
2022-01-26T20:30Z,2022-01-26T21:00Z,159,164,moderate
2022-01-26T21:00Z,2022-01-26T21:30Z,146,157,moderate
2022-01-26T21:30Z,2022-01-26T22:00Z,140,142,moderate
2022-01-26T22:00Z,2022-01-26T22:30Z,140,130,moderate
2022-01-26T22:30Z,2022-01-26T23:00Z,127,119,low
2022-01-26T23:00Z,2022-01-26T23:30Z,124,101,low
2022-01-26T23:30Z,2022-01-27T00:00Z,110,96,low
2022-01-27T00:00Z,2022-01-27T00:30Z,100,98,low
2022-01-27T00:30Z,2022-01-27T01:00Z,93,106,low
2022-01-27T01:00Z,2022-01-27T01:30Z,92,106,low
2022-01-27T01:30Z,2022-01-27T02:00Z,96,98,low
2022-01-27T02:00Z,2022-01-27T02:30Z,92,96,low
2022-01-27T02:30Z,2022-01-27T03:00Z,84,95,low
2022-01-27T03:00Z,2022-01-27T03:30Z,83,92,low
2022-01-27T03:30Z,2022-01-27T04:00Z,74,89,low
2022-01-27T04:00Z,2022-01-27T04:30Z,76,90,low
2022-01-27T04:30Z,2022-01-27T05:00Z,74,86,low
2022-01-27T05:00Z,2022-01-27T05:30Z,74,85,low
2022-01-27T05:30Z,2022-01-27T06:00Z,73,92,low
2022-01-27T06:00Z,2022-01-27T06:30Z,76,114,low
2022-01-27T06:30Z,2022-01-27T07:00Z,83,137,moderate
2022-01-27T07:00Z,2022-01-27T07:30Z,109,163,moderate
2022-01-27T07:30Z,2022-01-27T08:00Z,126,172,moderate
2022-01-27T08:00Z,2022-01-27T08:30Z,143,176,moderate
2022-01-27T08:30Z,2022-01-27T09:00Z,151,183,moderate
2022-01-27T09:00Z,2022-01-27T09:30Z,157,183,moderate
2022-01-27T09:30Z,2022-01-27T10:00Z,159,184,moderate
2022-01-27T10:00Z,2022-01-27T10:30Z,155,187,moderate
2022-01-27T10:30Z,2022-01-27T11:00Z,169,186,moderate
2022-01-27T11:00Z,2022-01-27T11:30Z,161,182,moderate
2022-01-27T11:30Z,2022-01-27T12:00Z,162,179,moderate
2022-01-27T12:00Z,2022-01-27T12:30Z,164,178,moderate
2022-01-27T12:30Z,2022-01-27T13:00Z,165,172,moderate
2022-01-27T13:00Z,2022-01-27T13:30Z,176,169,moderate
2022-01-27T13:30Z,2022-01-27T14:00Z,171,166,moderate
2022-01-27T14:00Z,2022-01-27T14:30Z,178,174,moderate
2022-01-27T14:30Z,2022-01-27T15:00Z,186,184,moderate
2022-01-27T15:00Z,2022-01-27T15:30Z,199,193,moderate
2022-01-27T15:30Z,2022-01-27T16:00Z,208,211,high
2022-01-27T16:00Z,2022-01-27T16:30Z,215,218,high
2022-01-27T16:30Z,2022-01-27T17:00Z,209,228,high
2022-01-27T17:00Z,2022-01-27T17:30Z,216,228,high
2022-01-27T17:30Z,2022-01-27T18:00Z,224,231,high
2022-01-27T18:00Z,2022-01-27T18:30Z,230,236,high
2022-01-27T18:30Z,2022-01-27T19:00Z,233,242,high
2022-01-27T19:00Z,2022-01-27T19:30Z,238,248,high
2022-01-27T19:30Z,2022-01-27T20:00Z,245,256,high
2022-01-27T20:00Z,2022-01-27T20:30Z,251,258,high
2022-01-27T20:30Z,2022-01-27T21:00Z,248,259,high
2022-01-27T21:00Z,2022-01-27T21:30Z,253,260,high
2022-01-27T21:30Z,2022-01-27T22:00Z,250,253,high
2022-01-27T22:00Z,2022-01-27T22:30Z,247,248,high
2022-01-27T22:30Z,2022-01-27T23:00Z,234,241,high
2022-01-27T23:00Z,2022-01-27T23:30Z,241,239,high
2022-01-27T23:30Z,2022-01-28T00:00Z,221,241,high
2022-01-28T00:00Z,2022-01-28T00:30Z,222,244,high
2022-01-28T00:30Z,2022-01-28T01:00Z,221,248,high
2022-01-28T01:00Z,2022-01-28T01:30Z,219,248,high
2022-01-28T01:30Z,2022-01-28T02:00Z,223,246,high
2022-01-28T02:00Z,2022-01-28T02:30Z,222,243,high
2022-01-28T02:30Z,2022-01-28T03:00Z,219,247,high
2022-01-28T03:00Z,2022-01-28T03:30Z,212,253,high
2022-01-28T03:30Z,2022-01-28T04:00Z,221,252,high
2022-01-28T04:00Z,2022-01-28T04:30Z,226,255,high
2022-01-28T04:30Z,2022-01-28T05:00Z,232,255,high
2022-01-28T05:00Z,2022-01-28T05:30Z,233,257,high
2022-01-28T05:30Z,2022-01-28T06:00Z,244,259,high
2022-01-28T06:00Z,2022-01-28T06:30Z,255,258,high
2022-01-28T06:30Z,2022-01-28T07:00Z,252,263,high
2022-01-28T07:00Z,2022-01-28T07:30Z,263,259,high
2022-01-28T07:30Z,2022-01-28T08:00Z,266,255,high
2022-01-28T08:00Z,2022-01-28T08:30Z,251,247,high
2022-01-28T08:30Z,2022-01-28T09:00Z,251,240,high
2022-01-28T09:00Z,2022-01-28T09:30Z,243,237,high
2022-01-28T09:30Z,2022-01-28T10:00Z,227,233,high
2022-01-28T10:00Z,2022-01-28T10:30Z,230,231,high
2022-01-28T10:30Z,2022-01-28T11:00Z,225,224,high
2022-01-28T11:00Z,2022-01-28T11:30Z,219,216,high
2022-01-28T11:30Z,2022-01-28T12:00Z,217,207,moderate
2022-01-28T12:00Z,2022-01-28T12:30Z,210,203,moderate
2022-01-28T12:30Z,2022-01-28T13:00Z,202,198,moderate
2022-01-28T13:00Z,2022-01-28T13:30Z,198,190,moderate
2022-01-28T13:30Z,2022-01-28T14:00Z,193,184,moderate
2022-01-28T14:00Z,2022-01-28T14:30Z,189,182,moderate
2022-01-28T14:30Z,2022-01-28T15:00Z,185,181,moderate
2022-01-28T15:00Z,2022-01-28T15:30Z,189,180,moderate
2022-01-28T15:30Z,2022-01-28T16:00Z,191,178,moderate
2022-01-28T16:00Z,2022-01-28T16:30Z,187,176,moderate
2022-01-28T16:30Z,2022-01-28T17:00Z,184,175,moderate
2022-01-28T17:00Z,2022-01-28T17:30Z,184,172,moderate
2022-01-28T17:30Z,2022-01-28T18:00Z,174,171,moderate
2022-01-28T18:00Z,2022-01-28T18:30Z,179,170,moderate
2022-01-28T18:30Z,2022-01-28T19:00Z,164,172,moderate
2022-01-28T19:00Z,2022-01-28T19:30Z,165,166,moderate
2022-01-28T19:30Z,2022-01-28T20:00Z,162,161,moderate
2022-01-28T20:00Z,2022-01-28T20:30Z,156,155,moderate
2022-01-28T20:30Z,2022-01-28T21:00Z,153,143,moderate
2022-01-28T21:00Z,2022-01-28T21:30Z,153,123,low
2022-01-28T21:30Z,2022-01-28T22:00Z,132,109,low
2022-01-28T22:00Z,2022-01-28T22:30Z,120,92,low
2022-01-28T22:30Z,2022-01-28T23:00Z,111,79,low
2022-01-28T23:00Z,2022-01-28T23:30Z,96,65,low
2022-01-28T23:30Z,2022-01-29T00:00Z,83,59,low
2022-01-29T00:00Z,2022-01-29T00:30Z,74,63,low
2022-01-29T00:30Z,2022-01-29T01:00Z,66,66,low
2022-01-29T01:00Z,2022-01-29T01:30Z,67,66,low
2022-01-29T01:30Z,2022-01-29T02:00Z,68,61,low
2022-01-29T02:00Z,2022-01-29T02:30Z,70,62,low
2022-01-29T02:30Z,2022-01-29T03:00Z,65,61,low
2022-01-29T03:00Z,2022-01-29T03:30Z,64,60,low
2022-01-29T03:30Z,2022-01-29T04:00Z,61,59,low
2022-01-29T04:00Z,2022-01-29T04:30Z,57,59,low
2022-01-29T04:30Z,2022-01-29T05:00Z,52,58,low
2022-01-29T05:00Z,2022-01-29T05:30Z,73,51,low
2022-01-29T05:30Z,2022-01-29T06:00Z,55,53,low
2022-01-29T06:00Z,2022-01-29T06:30Z,50,61,low
2022-01-29T06:30Z,2022-01-29T07:00Z,50,63,low
2022-01-29T07:00Z,2022-01-29T07:30Z,70,62,low
2022-01-29T07:30Z,2022-01-29T08:00Z,65,79,low
2022-01-29T08:00Z,2022-01-29T08:30Z,59,84,low
2022-01-29T08:30Z,2022-01-29T09:00Z,79,89,low
2022-01-29T09:00Z,2022-01-29T09:30Z,83,86,low
2022-01-29T09:30Z,2022-01-29T10:00Z,87,91,low
2022-01-29T10:00Z,2022-01-29T10:30Z,81,92,low
2022-01-29T10:30Z,2022-01-29T11:00Z,87,82,low
2022-01-29T11:00Z,2022-01-29T11:30Z,86,76,low
2022-01-29T11:30Z,2022-01-29T12:00Z,78,73,low
2022-01-29T12:00Z,2022-01-29T12:30Z,72,72,low
2022-01-29T12:30Z,2022-01-29T13:00Z,69,70,low
2022-01-29T13:00Z,2022-01-29T13:30Z,70,67,low
2022-01-29T13:30Z,2022-01-29T14:00Z,68,66,low
2022-01-29T14:00Z,2022-01-29T14:30Z,70,65,low
2022-01-29T14:30Z,2022-01-29T15:00Z,66,68,low
2022-01-29T15:00Z,2022-01-29T15:30Z,65,74,low
2022-01-29T15:30Z,2022-01-29T16:00Z,70,85,low
2022-01-29T16:00Z,2022-01-29T16:30Z,85,100,low
2022-01-29T16:30Z,2022-01-29T17:00Z,109,118,low
2022-01-29T17:00Z,2022-01-29T17:30Z,107,126,low
2022-01-29T17:30Z,2022-01-29T18:00Z,119,133,moderate
2022-01-29T18:00Z,2022-01-29T18:30Z,121,135,moderate
2022-01-29T18:30Z,2022-01-29T19:00Z,134,135,moderate
2022-01-29T19:00Z,2022-01-29T19:30Z,137,129,low
2022-01-29T19:30Z,2022-01-29T20:00Z,134,131,moderate
2022-01-29T20:00Z,2022-01-29T20:30Z,117,139,moderate
2022-01-29T20:30Z,2022-01-29T21:00Z,139,138,moderate
2022-01-29T21:00Z,2022-01-29T21:30Z,136,140,moderate
2022-01-29T21:30Z,2022-01-29T22:00Z,139,136,moderate
2022-01-29T22:00Z,2022-01-29T22:30Z,141,141,moderate
2022-01-29T22:30Z,2022-01-29T23:00Z,144,139,moderate
2022-01-29T23:00Z,2022-01-29T23:30Z,147,138,moderate
2022-01-29T23:30Z,2022-01-30T00:00Z,142,133,moderate
2022-01-30T00:00Z,2022-01-30T00:30Z,134,124,low
2022-01-30T00:30Z,2022-01-30T01:00Z,140,139,moderate
2022-01-30T01:00Z,2022-01-30T01:30Z,133,146,moderate
2022-01-30T01:30Z,2022-01-30T02:00Z,141,147,moderate
2022-01-30T02:00Z,2022-01-30T02:30Z,146,152,moderate
2022-01-30T02:30Z,2022-01-30T03:00Z,150,161,moderate
2022-01-30T03:00Z,2022-01-30T03:30Z,160,173,moderate
2022-01-30T03:30Z,2022-01-30T04:00Z,162,178,moderate
2022-01-30T04:00Z,2022-01-30T04:30Z,163,182,moderate
2022-01-30T04:30Z,2022-01-30T05:00Z,177,188,moderate
2022-01-30T05:00Z,2022-01-30T05:30Z,172,195,moderate
2022-01-30T05:30Z,2022-01-30T06:00Z,189,205,moderate
2022-01-30T06:00Z,2022-01-30T06:30Z,194,220,high
2022-01-30T06:30Z,2022-01-30T07:00Z,201,232,high
2022-01-30T07:00Z,2022-01-30T07:30Z,229,243,high
2022-01-30T07:30Z,2022-01-30T08:00Z,239,250,high
2022-01-30T08:00Z,2022-01-30T08:30Z,236,247,high
2022-01-30T08:30Z,2022-01-30T09:00Z,255,247,high
2022-01-30T09:00Z,2022-01-30T09:30Z,254,239,high
2022-01-30T09:30Z,2022-01-30T10:00Z,246,229,high
2022-01-30T10:00Z,2022-01-30T10:30Z,242,224,high
2022-01-30T10:30Z,2022-01-30T11:00Z,230,221,high
2022-01-30T11:00Z,2022-01-30T11:30Z,220,214,high
2022-01-30T11:30Z,2022-01-30T12:00Z,216,203,moderate
2022-01-30T12:00Z,2022-01-30T12:30Z,205,192,moderate
2022-01-30T12:30Z,2022-01-30T13:00Z,198,181,moderate
2022-01-30T13:00Z,2022-01-30T13:30Z,189,178,moderate
2022-01-30T13:30Z,2022-01-30T14:00Z,185,171,moderate
2022-01-30T14:00Z,2022-01-30T14:30Z,187,166,moderate
2022-01-30T14:30Z,2022-01-30T15:00Z,174,161,moderate
2022-01-30T15:00Z,2022-01-30T15:30Z,165,165,moderate
2022-01-30T15:30Z,2022-01-30T16:00Z,157,172,moderate
2022-01-30T16:00Z,2022-01-30T16:30Z,165,172,moderate
2022-01-30T16:30Z,2022-01-30T17:00Z,180,169,moderate
2022-01-30T17:00Z,2022-01-30T17:30Z,176,169,moderate
2022-01-30T17:30Z,2022-01-30T18:00Z,169,169,moderate
2022-01-30T18:00Z,2022-01-30T18:30Z,156,173,moderate
2022-01-30T18:30Z,2022-01-30T19:00Z,154,165,moderate
2022-01-30T19:00Z,2022-01-30T19:30Z,153,154,moderate
2022-01-30T19:30Z,2022-01-30T20:00Z,146,141,moderate
2022-01-30T20:00Z,2022-01-30T20:30Z,133,118,low
2022-01-30T20:30Z,2022-01-30T21:00Z,126,101,low
2022-01-30T21:00Z,2022-01-30T21:30Z,104,91,low
2022-01-30T21:30Z,2022-01-30T22:00Z,89,76,low
2022-01-30T22:00Z,2022-01-30T22:30Z,78,73,low
2022-01-30T22:30Z,2022-01-30T23:00Z,69,66,low
2022-01-30T23:00Z,2022-01-30T23:30Z,68,64,low
2022-01-30T23:30Z,2022-01-31T00:00Z,61,61,low
